x-axis,1,2
second,Volt,Volt
-500.0025E-06,+631.3E-03,+172.2660182E-03
-499.5025E-06,+631.2E-03,+172.2656276E-03
-499.0025E-06,+631.1E-03,+172.2656276E-03
-498.5025E-06,+631.1E-03,+172.2656276E-03
-498.0025E-06,+631.0E-03,+172.2656276E-03
-497.5025E-06,+630.9E-03,+172.2656276E-03
-497.0025E-06,+630.9E-03,+172.2656276E-03
-496.5025E-06,+630.8E-03,+172.2656276E-03
-496.0025E-06,+630.8E-03,+172.2656276E-03
-495.5025E-06,+630.7E-03,+172.2656276E-03
-495.0025E-06,+630.6E-03,+172.2656276E-03
-494.5025E-06,+630.6E-03,+172.2656276E-03
-494.0025E-06,+630.5E-03,+172.2656276E-03
-493.5025E-06,+630.4E-03,+172.2656276E-03
-493.0025E-06,+630.4E-03,+172.2656276E-03
-492.5025E-06,+630.3E-03,+172.2656276E-03
-492.0025E-06,+630.3E-03,+172.2656276E-03
-491.5025E-06,+630.2E-03,+172.2656276E-03
-491.0025E-06,+630.1E-03,+172.2656276E-03
-490.5025E-06,+630.1E-03,+172.2656276E-03
-490.0025E-06,+630.0E-03,+172.2656276E-03
-489.5024E-06,+629.9E-03,+172.2656276E-03
-489.0024E-06,+629.9E-03,+172.2656276E-03
-488.5024E-06,+629.8E-03,+172.2656276E-03
-488.0024E-06,+629.8E-03,+172.2656276E-03
-487.5024E-06,+629.7E-03,+172.2656276E-03
-487.0024E-06,+629.6E-03,+172.2656276E-03
-486.5024E-06,+629.6E-03,+172.2656276E-03
-486.0024E-06,+629.5E-03,+172.2656276E-03
-485.5024E-06,+629.4E-03,+172.2656276E-03
-485.0024E-06,+629.4E-03,+172.2656276E-03
-484.5024E-06,+629.3E-03,+172.3045008E-03
-484.0024E-06,+629.1E-03,+172.3435635E-03
-483.5024E-06,+629.0E-03,+172.3826262E-03
-483.0024E-06,+628.9E-03,+172.4216889E-03
-482.5024E-06,+628.8E-03,+172.4607516E-03
-482.0024E-06,+628.6E-03,+172.4998143E-03
-481.5024E-06,+628.5E-03,+172.5388770E-03
-481.0024E-06,+628.4E-03,+172.5779397E-03
-480.5024E-06,+628.3E-03,+172.6170024E-03
-480.0024E-06,+628.1E-03,+172.6560651E-03
-479.5024E-06,+628.1E-03,+172.6951278E-03
-479.0024E-06,+628.1E-03,+172.7341905E-03
-478.5024E-06,+628.1E-03,+172.7732532E-03
-478.0024E-06,+628.1E-03,+172.8123159E-03
-477.5024E-06,+628.1E-03,+172.8513786E-03
-477.0024E-06,+628.1E-03,+172.8904412E-03
-476.5024E-06,+628.1E-03,+172.9295039E-03
-476.0024E-06,+628.1E-03,+172.9685666E-03
-475.5024E-06,+628.1E-03,+173.0076293E-03
-475.0024E-06,+628.1E-03,+173.0466920E-03
-474.5024E-06,+627.9E-03,+173.1246319E-03
-474.0024E-06,+627.8E-03,+173.2027573E-03
-473.5024E-06,+627.6E-03,+173.2808827E-03
-473.0024E-06,+627.4E-03,+173.3590081E-03
-472.5024E-06,+627.2E-03,+173.4371334E-03
-472.0024E-06,+627.0E-03,+173.5152588E-03
-471.5024E-06,+626.8E-03,+173.5933842E-03
-471.0024E-06,+626.6E-03,+173.6715096E-03
-470.5024E-06,+626.4E-03,+173.7496350E-03
-470.0024E-06,+626.3E-03,+173.8277604E-03
-469.5023E-06,+626.1E-03,+173.8281276E-03
-469.0023E-06,+626.0E-03,+173.8281276E-03
-468.5023E-06,+625.9E-03,+173.8281276E-03
-468.0023E-06,+625.8E-03,+173.8281276E-03
-467.5023E-06,+625.6E-03,+173.8281276E-03
-467.0023E-06,+625.5E-03,+173.8281276E-03
-466.5023E-06,+625.4E-03,+173.8281276E-03
-466.0023E-06,+625.3E-03,+173.8281276E-03
-465.5023E-06,+625.1E-03,+173.8281276E-03
-465.0023E-06,+625.0E-03,+173.8281276E-03
-464.5023E-06,+624.6E-03,+173.7503655E-03
-464.0023E-06,+624.1E-03,+173.6722401E-03
-463.5023E-06,+623.7E-03,+173.5941147E-03
-463.0023E-06,+623.3E-03,+173.5159893E-03
-462.5023E-06,+622.8E-03,+173.4378639E-03
-462.0023E-06,+622.4E-03,+173.3597385E-03
-461.5023E-06,+621.9E-03,+173.2816131E-03
-461.0023E-06,+621.5E-03,+173.2034877E-03
-460.5023E-06,+621.1E-03,+173.1253623E-03
-460.0023E-06,+620.6E-03,+173.0472370E-03
-459.5023E-06,+620.4E-03,+172.9691116E-03
-459.0023E-06,+620.3E-03,+172.8909862E-03
-458.5023E-06,+620.1E-03,+172.8128608E-03
-458.0023E-06,+619.9E-03,+172.7347354E-03
-457.5023E-06,+619.7E-03,+172.6566100E-03
-457.0023E-06,+619.5E-03,+172.5784846E-03
-456.5023E-06,+619.3E-03,+172.5003592E-03
-456.0023E-06,+619.1E-03,+172.4222338E-03
-455.5023E-06,+618.9E-03,+172.3441084E-03
-455.0023E-06,+618.8E-03,+172.2659830E-03
-454.5023E-06,+618.6E-03,+172.1489727E-03
-454.0023E-06,+618.5E-03,+172.0317846E-03
-453.5023E-06,+618.4E-03,+171.9145965E-03
-453.0023E-06,+618.3E-03,+171.7974084E-03
-452.5023E-06,+618.1E-03,+171.6802203E-03
-452.0023E-06,+618.0E-03,+171.5630322E-03
-451.5023E-06,+617.9E-03,+171.4458442E-03
-451.0023E-06,+617.8E-03,+171.3286561E-03
-450.5023E-06,+617.6E-03,+171.2114680E-03
-450.0023E-06,+617.5E-03,+171.0942799E-03
-449.5022E-06,+617.5E-03,+171.0548656E-03
-449.0022E-06,+617.5E-03,+171.0158029E-03
-448.5022E-06,+617.5E-03,+170.9767402E-03
-448.0022E-06,+617.5E-03,+170.9376775E-03
-447.5022E-06,+617.5E-03,+170.8986149E-03
-447.0022E-06,+617.5E-03,+170.8595522E-03
-446.5022E-06,+617.5E-03,+170.8204895E-03
-446.0022E-06,+617.5E-03,+170.7814268E-03
-445.5022E-06,+617.5E-03,+170.7423641E-03
-445.0022E-06,+617.5E-03,+170.7033014E-03
-444.5022E-06,+617.5E-03,+170.7420164E-03
-444.0022E-06,+617.5E-03,+170.7810791E-03
-443.5022E-06,+617.5E-03,+170.8201418E-03
-443.0022E-06,+617.5E-03,+170.8592045E-03
-442.5022E-06,+617.5E-03,+170.8982672E-03
-442.0022E-06,+617.5E-03,+170.9373299E-03
-441.5022E-06,+617.5E-03,+170.9763926E-03
-441.0022E-06,+617.5E-03,+171.0154553E-03
-440.5022E-06,+617.5E-03,+171.0545180E-03
-440.0022E-06,+617.5E-03,+171.0935807E-03
-439.5022E-06,+617.5E-03,+171.1715342E-03
-439.0022E-06,+617.5E-03,+171.2496596E-03
-438.5022E-06,+617.5E-03,+171.3277850E-03
-438.0022E-06,+617.5E-03,+171.4059104E-03
-437.5022E-06,+617.5E-03,+171.4840358E-03
-437.0022E-06,+617.5E-03,+171.5621612E-03
-436.5022E-06,+617.5E-03,+171.6402865E-03
-436.0022E-06,+617.5E-03,+171.7184119E-03
-435.5022E-06,+617.5E-03,+171.7965373E-03
-435.0022E-06,+617.5E-03,+171.8746627E-03
-434.5022E-06,+617.4E-03,+171.9138953E-03
-434.0022E-06,+617.4E-03,+171.9529580E-03
-433.5022E-06,+617.3E-03,+171.9920207E-03
-433.0022E-06,+617.3E-03,+172.0310834E-03
-432.5022E-06,+617.2E-03,+172.0701461E-03
-432.0022E-06,+617.1E-03,+172.1092088E-03
-431.5022E-06,+617.1E-03,+172.1482715E-03
-431.0022E-06,+617.0E-03,+172.1873342E-03
-430.5022E-06,+616.9E-03,+172.2263969E-03
-430.0022E-06,+616.9E-03,+172.2654596E-03
-429.5021E-06,+616.9E-03,+172.3045223E-03
-429.0021E-06,+616.9E-03,+172.3435850E-03
-428.5021E-06,+616.9E-03,+172.3826477E-03
-428.0021E-06,+616.9E-03,+172.4217104E-03
-427.5021E-06,+616.9E-03,+172.4607731E-03
-427.0021E-06,+616.9E-03,+172.4998358E-03
-426.5021E-06,+616.9E-03,+172.5388985E-03
-426.0021E-06,+616.9E-03,+172.5779612E-03
-425.5021E-06,+616.9E-03,+172.6170239E-03
-425.0021E-06,+616.9E-03,+172.6560866E-03
-424.5021E-06,+616.9E-03,+172.7729426E-03
-424.0021E-06,+616.9E-03,+172.8901307E-03
-423.5021E-06,+616.9E-03,+173.0073188E-03
-423.0021E-06,+616.9E-03,+173.1245069E-03
-422.5021E-06,+616.9E-03,+173.2416950E-03
-422.0021E-06,+616.9E-03,+173.3588831E-03
-421.5021E-06,+616.9E-03,+173.4760711E-03
-421.0021E-06,+616.9E-03,+173.5932592E-03
-420.5021E-06,+616.9E-03,+173.7104473E-03
-420.0021E-06,+616.9E-03,+173.8276354E-03
-419.5021E-06,+616.9E-03,+173.8281276E-03
-419.0021E-06,+616.9E-03,+173.8281276E-03
-418.5021E-06,+616.9E-03,+173.8281276E-03
-418.0021E-06,+616.9E-03,+173.8281276E-03
-417.5021E-06,+616.9E-03,+173.8281276E-03
-417.0021E-06,+616.9E-03,+173.8281276E-03
-416.5021E-06,+616.9E-03,+173.8281276E-03
-416.0021E-06,+616.9E-03,+173.8281276E-03
-415.5021E-06,+616.9E-03,+173.8281276E-03
-415.0021E-06,+616.9E-03,+173.8281276E-03
-414.5021E-06,+616.8E-03,+173.7503264E-03
-414.0021E-06,+616.6E-03,+173.6722010E-03
-413.5021E-06,+616.5E-03,+173.5940756E-03
-413.0021E-06,+616.4E-03,+173.5159502E-03
-412.5021E-06,+616.3E-03,+173.4378249E-03
-412.0021E-06,+616.1E-03,+173.3596995E-03
-411.5021E-06,+616.0E-03,+173.2815741E-03
-411.0021E-06,+615.9E-03,+173.2034487E-03
-410.5021E-06,+615.8E-03,+173.1253233E-03
-410.0021E-06,+615.6E-03,+173.0471979E-03
-409.5020E-06,+615.4E-03,+172.9301700E-03
-409.0020E-06,+615.1E-03,+172.8129819E-03
-408.5020E-06,+614.9E-03,+172.6957938E-03
-408.0020E-06,+614.6E-03,+172.5786057E-03
-407.5020E-06,+614.4E-03,+172.4614176E-03
-407.0020E-06,+614.1E-03,+172.3442295E-03
-406.5020E-06,+613.9E-03,+172.2270414E-03
-406.0020E-06,+613.6E-03,+172.1098533E-03
-405.5020E-06,+613.4E-03,+171.9926653E-03
-405.0020E-06,+613.1E-03,+171.8754772E-03
-404.5020E-06,+612.9E-03,+171.8360981E-03
-404.0020E-06,+612.8E-03,+171.7970354E-03
-403.5020E-06,+612.6E-03,+171.7579727E-03
-403.0020E-06,+612.4E-03,+171.7189100E-03
-402.5020E-06,+612.2E-03,+171.6798473E-03
-402.0020E-06,+612.0E-03,+171.6407846E-03
-401.5020E-06,+611.8E-03,+171.6017219E-03
-401.0020E-06,+611.6E-03,+171.5626592E-03
-400.5020E-06,+611.4E-03,+171.5235965E-03
-400.0020E-06,+611.3E-03,+171.4845338E-03
-399.5020E-06,+611.1E-03,+171.4843776E-03
-399.0020E-06,+610.9E-03,+171.4843776E-03
-398.5020E-06,+610.7E-03,+171.4843776E-03
-398.0020E-06,+610.5E-03,+171.4843776E-03
-397.5020E-06,+610.3E-03,+171.4843776E-03
-397.0020E-06,+610.1E-03,+171.4843776E-03
-396.5020E-06,+609.9E-03,+171.4843776E-03
-396.0020E-06,+609.8E-03,+171.4843776E-03
-395.5020E-06,+609.6E-03,+171.4843776E-03
-395.0020E-06,+609.4E-03,+171.4843776E-03
-394.5020E-06,+609.3E-03,+171.5232860E-03
-394.0020E-06,+609.3E-03,+171.5623487E-03
-393.5020E-06,+609.2E-03,+171.6014113E-03
-393.0020E-06,+609.1E-03,+171.6404740E-03
-392.5020E-06,+609.1E-03,+171.6795367E-03
-392.0020E-06,+609.0E-03,+171.7185994E-03
-391.5020E-06,+608.9E-03,+171.7576621E-03
-391.0020E-06,+608.9E-03,+171.7967248E-03
-390.5020E-06,+608.8E-03,+171.8357875E-03
-390.0020E-06,+608.8E-03,+171.8748502E-03
-389.5019E-06,+608.7E-03,+171.8750026E-03
-389.0019E-06,+608.6E-03,+171.8750026E-03
-388.5019E-06,+608.6E-03,+171.8750026E-03
-388.0019E-06,+608.5E-03,+171.8750026E-03
-387.5019E-06,+608.4E-03,+171.8750026E-03
-387.0019E-06,+608.4E-03,+171.8750026E-03
-386.5019E-06,+608.3E-03,+171.8750026E-03
-386.0019E-06,+608.3E-03,+171.8750026E-03
-385.5019E-06,+608.2E-03,+171.8750026E-03
-385.0019E-06,+608.1E-03,+171.8750026E-03
-384.5019E-06,+608.1E-03,+171.8750026E-03
-384.0019E-06,+608.1E-03,+171.8750026E-03
-383.5019E-06,+608.1E-03,+171.8750026E-03
-383.0019E-06,+608.1E-03,+171.8750026E-03
-382.5019E-06,+608.1E-03,+171.8750026E-03
-382.0019E-06,+608.1E-03,+171.8750026E-03
-381.5019E-06,+608.1E-03,+171.8750026E-03
-381.0019E-06,+608.1E-03,+171.8750026E-03
-380.5019E-06,+608.1E-03,+171.8750026E-03
-380.0019E-06,+608.1E-03,+171.8750026E-03
-379.5019E-06,+608.1E-03,+171.8750026E-03
-379.0019E-06,+608.0E-03,+171.8750026E-03
-378.5019E-06,+607.9E-03,+171.8750026E-03
-378.0019E-06,+607.9E-03,+171.8750026E-03
-377.5019E-06,+607.8E-03,+171.8750026E-03
-377.0019E-06,+607.8E-03,+171.8750026E-03
-376.5019E-06,+607.7E-03,+171.8750026E-03
-376.0019E-06,+607.6E-03,+171.8750026E-03
-375.5019E-06,+607.6E-03,+171.8750026E-03
-375.0019E-06,+607.5E-03,+171.8750026E-03
-374.5019E-06,+607.5E-03,+171.9528350E-03
-374.0019E-06,+607.5E-03,+172.0309604E-03
-373.5019E-06,+607.5E-03,+172.1090858E-03
-373.0019E-06,+607.5E-03,+172.1872112E-03
-372.5019E-06,+607.5E-03,+172.2653366E-03
-372.0019E-06,+607.5E-03,+172.3434619E-03
-371.5019E-06,+607.5E-03,+172.4215873E-03
-371.0019E-06,+607.5E-03,+172.4997127E-03
-370.5019E-06,+607.5E-03,+172.5778381E-03
-370.0019E-06,+607.5E-03,+172.6559635E-03
-369.5018E-06,+607.4E-03,+172.6562526E-03
-369.0018E-06,+607.4E-03,+172.6562526E-03
-368.5018E-06,+607.3E-03,+172.6562526E-03
-368.0018E-06,+607.3E-03,+172.6562526E-03
-367.5018E-06,+607.2E-03,+172.6562526E-03
-367.0018E-06,+607.1E-03,+172.6562526E-03
-366.5018E-06,+607.1E-03,+172.6562526E-03
-366.0018E-06,+607.0E-03,+172.6562526E-03
-365.5018E-06,+606.9E-03,+172.6562526E-03
-365.0018E-06,+606.9E-03,+172.6562526E-03
-364.5018E-06,+606.8E-03,+172.6562526E-03
-364.0018E-06,+606.6E-03,+172.6562526E-03
-363.5018E-06,+606.5E-03,+172.6562526E-03
-363.0018E-06,+606.4E-03,+172.6562526E-03
-362.5018E-06,+606.3E-03,+172.6562526E-03
-362.0018E-06,+606.1E-03,+172.6562526E-03
-361.5018E-06,+606.0E-03,+172.6562526E-03
-361.0018E-06,+605.9E-03,+172.6562526E-03
-360.5018E-06,+605.8E-03,+172.6562526E-03
-360.0018E-06,+605.6E-03,+172.6562526E-03
-359.5018E-06,+605.3E-03,+172.5005643E-03
-359.0018E-06,+605.0E-03,+172.3443135E-03
-358.5018E-06,+604.7E-03,+172.1880627E-03
-358.0018E-06,+604.4E-03,+172.0318119E-03
-357.5018E-06,+604.1E-03,+171.8755612E-03
-357.0018E-06,+603.8E-03,+171.7193104E-03
-356.5018E-06,+603.4E-03,+171.5630596E-03
-356.0018E-06,+603.1E-03,+171.4068088E-03
-355.5018E-06,+602.8E-03,+171.2505580E-03
-355.0018E-06,+602.5E-03,+171.0943072E-03
-354.5018E-06,+602.3E-03,+171.0159045E-03
-354.0018E-06,+602.1E-03,+170.9377791E-03
-353.5018E-06,+601.9E-03,+170.8596537E-03
-353.0018E-06,+601.8E-03,+170.7815283E-03
-352.5018E-06,+601.6E-03,+170.7034029E-03
-352.0018E-06,+601.4E-03,+170.6252775E-03
-351.5018E-06,+601.2E-03,+170.5471522E-03
-351.0018E-06,+601.0E-03,+170.4690268E-03
-350.5018E-06,+600.8E-03,+170.3909014E-03
-350.0018E-06,+600.6E-03,+170.3127760E-03
-349.5017E-06,+600.5E-03,+170.2735766E-03
-349.0017E-06,+600.4E-03,+170.2345139E-03
-348.5017E-06,+600.3E-03,+170.1954512E-03
-348.0017E-06,+600.1E-03,+170.1563885E-03
-347.5017E-06,+600.0E-03,+170.1173258E-03
-347.0017E-06,+599.9E-03,+170.0782631E-03
-346.5017E-06,+599.8E-03,+170.0392004E-03
-346.0017E-06,+599.6E-03,+170.0001377E-03
-345.5017E-06,+599.5E-03,+169.9610750E-03
-345.0017E-06,+599.4E-03,+169.9220123E-03
-344.5017E-06,+599.3E-03,+169.9608055E-03
-344.0017E-06,+599.3E-03,+169.9998682E-03
-343.5017E-06,+599.2E-03,+170.0389309E-03
-343.0017E-06,+599.1E-03,+170.0779935E-03
-342.5017E-06,+599.1E-03,+170.1170562E-03
-342.0017E-06,+599.0E-03,+170.1561189E-03
-341.5017E-06,+598.9E-03,+170.1951816E-03
-341.0017E-06,+598.9E-03,+170.2342443E-03
-340.5017E-06,+598.8E-03,+170.2733070E-03
-340.0017E-06,+598.8E-03,+170.3123697E-03
-339.5017E-06,+598.7E-03,+170.3514324E-03
-339.0017E-06,+598.7E-03,+170.3904951E-03
-338.5017E-06,+598.7E-03,+170.4295578E-03
-338.0017E-06,+598.7E-03,+170.4686205E-03
-337.5017E-06,+598.7E-03,+170.5076832E-03
-337.0017E-06,+598.7E-03,+170.5467459E-03
-336.5017E-06,+598.7E-03,+170.5858086E-03
-336.0017E-06,+598.7E-03,+170.6248713E-03
-335.5017E-06,+598.7E-03,+170.6639340E-03
-335.0017E-06,+598.7E-03,+170.7029967E-03
-334.5017E-06,+598.7E-03,+170.7420594E-03
-334.0017E-06,+598.6E-03,+170.7811221E-03
-333.5017E-06,+598.6E-03,+170.8201848E-03
-333.0017E-06,+598.5E-03,+170.8592475E-03
-332.5017E-06,+598.4E-03,+170.8983102E-03
-332.0017E-06,+598.4E-03,+170.9373729E-03
-331.5017E-06,+598.3E-03,+170.9764356E-03
-331.0017E-06,+598.3E-03,+171.0154983E-03
-330.5017E-06,+598.2E-03,+171.0545609E-03
-330.0017E-06,+598.1E-03,+171.0936236E-03
-329.5016E-06,+598.1E-03,+171.0937525E-03
-329.0016E-06,+598.1E-03,+171.0937525E-03
-328.5016E-06,+598.1E-03,+171.0937525E-03
-328.0016E-06,+598.1E-03,+171.0937525E-03
-327.5016E-06,+598.1E-03,+171.0937525E-03
-327.0016E-06,+598.1E-03,+171.0937525E-03
-326.5016E-06,+598.1E-03,+171.0937525E-03
-326.0016E-06,+598.1E-03,+171.0937525E-03
-325.5016E-06,+598.1E-03,+171.0937525E-03
-325.0016E-06,+598.1E-03,+171.0937525E-03
-324.5016E-06,+598.1E-03,+171.1326883E-03
-324.0016E-06,+598.0E-03,+171.1717510E-03
-323.5016E-06,+597.9E-03,+171.2108137E-03
-323.0016E-06,+597.9E-03,+171.2498764E-03
-322.5016E-06,+597.8E-03,+171.2889391E-03
-322.0016E-06,+597.8E-03,+171.3280018E-03
-321.5016E-06,+597.7E-03,+171.3670645E-03
-321.0016E-06,+597.6E-03,+171.4061272E-03
-320.5016E-06,+597.6E-03,+171.4451899E-03
-320.0016E-06,+597.5E-03,+171.4842526E-03
-319.5016E-06,+597.4E-03,+171.4843776E-03
-319.0016E-06,+597.4E-03,+171.4843776E-03
-318.5016E-06,+597.3E-03,+171.4843776E-03
-318.0016E-06,+597.3E-03,+171.4843776E-03
-317.5016E-06,+597.2E-03,+171.4843776E-03
-317.0016E-06,+597.1E-03,+171.4843776E-03
-316.5016E-06,+597.1E-03,+171.4843776E-03
-316.0016E-06,+597.0E-03,+171.4843776E-03
-315.5016E-06,+596.9E-03,+171.4843776E-03
-315.0016E-06,+596.9E-03,+171.4843776E-03
-314.5016E-06,+596.8E-03,+171.4843776E-03
-314.0016E-06,+596.8E-03,+171.4843776E-03
-313.5016E-06,+596.7E-03,+171.4843776E-03
-313.0016E-06,+596.6E-03,+171.4843776E-03
-312.5016E-06,+596.6E-03,+171.4843776E-03
-312.0016E-06,+596.5E-03,+171.4843776E-03
-311.5016E-06,+596.4E-03,+171.4843776E-03
-311.0016E-06,+596.4E-03,+171.4843776E-03
-310.5016E-06,+596.3E-03,+171.4843776E-03
-310.0016E-06,+596.3E-03,+171.4843776E-03
-309.5015E-06,+596.1E-03,+171.4064944E-03
-309.0015E-06,+595.9E-03,+171.3283690E-03
-308.5015E-06,+595.7E-03,+171.2502436E-03
-308.0015E-06,+595.5E-03,+171.1721182E-03
-307.5015E-06,+595.3E-03,+171.0939928E-03
-307.0015E-06,+595.1E-03,+171.0158674E-03
-306.5015E-06,+594.9E-03,+170.9377420E-03
-306.0015E-06,+594.8E-03,+170.8596166E-03
-305.5015E-06,+594.6E-03,+170.7814912E-03
-305.0015E-06,+594.4E-03,+170.7033658E-03
-304.5015E-06,+594.1E-03,+170.6641840E-03
-304.0015E-06,+593.8E-03,+170.6251213E-03
-303.5015E-06,+593.4E-03,+170.5860586E-03
-303.0015E-06,+593.1E-03,+170.5469959E-03
-302.5015E-06,+592.8E-03,+170.5079332E-03
-302.0015E-06,+592.5E-03,+170.4688705E-03
-301.5015E-06,+592.2E-03,+170.4298078E-03
-301.0015E-06,+591.9E-03,+170.3907451E-03
-300.5015E-06,+591.6E-03,+170.3516824E-03
-300.0015E-06,+591.3E-03,+170.3126197E-03
-299.5015E-06,+591.1E-03,+170.3125025E-03
-299.0015E-06,+590.9E-03,+170.3125025E-03
-298.5015E-06,+590.7E-03,+170.3125025E-03
-298.0015E-06,+590.5E-03,+170.3125025E-03
-297.5015E-06,+590.3E-03,+170.3125025E-03
-297.0015E-06,+590.1E-03,+170.3125025E-03
-296.5015E-06,+589.9E-03,+170.3125025E-03
-296.0015E-06,+589.8E-03,+170.3125025E-03
-295.5015E-06,+589.6E-03,+170.3125025E-03
-295.0015E-06,+589.4E-03,+170.3125025E-03
-294.5015E-06,+589.3E-03,+170.3125025E-03
-294.0015E-06,+589.3E-03,+170.3125025E-03
-293.5015E-06,+589.2E-03,+170.3125025E-03
-293.0015E-06,+589.1E-03,+170.3125025E-03
-292.5015E-06,+589.1E-03,+170.3125025E-03
-292.0015E-06,+589.0E-03,+170.3125025E-03
-291.5015E-06,+588.9E-03,+170.3125025E-03
-291.0015E-06,+588.9E-03,+170.3125025E-03
-290.5015E-06,+588.8E-03,+170.3125025E-03
-290.0015E-06,+588.8E-03,+170.3125025E-03
-289.5014E-06,+588.7E-03,+170.3125025E-03
-289.0014E-06,+588.6E-03,+170.3125025E-03
-288.5014E-06,+588.6E-03,+170.3125025E-03
-288.0014E-06,+588.5E-03,+170.3125025E-03
-287.5014E-06,+588.4E-03,+170.3125025E-03
-287.0014E-06,+588.4E-03,+170.3125025E-03
-286.5014E-06,+588.3E-03,+170.3125025E-03
-286.0014E-06,+588.3E-03,+170.3125025E-03
-285.5014E-06,+588.2E-03,+170.3125025E-03
-285.0014E-06,+588.1E-03,+170.3125025E-03
-284.5014E-06,+588.1E-03,+170.3514539E-03
-284.0014E-06,+588.0E-03,+170.3905166E-03
-283.5014E-06,+587.9E-03,+170.4295793E-03
-283.0014E-06,+587.9E-03,+170.4686420E-03
-282.5014E-06,+587.8E-03,+170.5077047E-03
-282.0014E-06,+587.8E-03,+170.5467674E-03
-281.5014E-06,+587.7E-03,+170.5858301E-03
-281.0014E-06,+587.6E-03,+170.6248928E-03
-280.5014E-06,+587.6E-03,+170.6639555E-03
-280.0014E-06,+587.5E-03,+170.7030182E-03
-279.5014E-06,+587.4E-03,+170.7420809E-03
-279.0014E-06,+587.4E-03,+170.7811436E-03
-278.5014E-06,+587.3E-03,+170.8202063E-03
-278.0014E-06,+587.3E-03,+170.8592690E-03
-277.5014E-06,+587.2E-03,+170.8983316E-03
-277.0014E-06,+587.1E-03,+170.9373943E-03
-276.5014E-06,+587.1E-03,+170.9764570E-03
-276.0014E-06,+587.0E-03,+171.0155197E-03
-275.5014E-06,+586.9E-03,+171.0545824E-03
-275.0014E-06,+586.9E-03,+171.0936451E-03
-274.5014E-06,+586.9E-03,+171.2106184E-03
-274.0014E-06,+586.9E-03,+171.3278065E-03
-273.5014E-06,+586.9E-03,+171.4449945E-03
-273.0014E-06,+586.9E-03,+171.5621826E-03
-272.5014E-06,+586.9E-03,+171.6793707E-03
-272.0014E-06,+586.9E-03,+171.7965588E-03
-271.5014E-06,+586.9E-03,+171.9137469E-03
-271.0014E-06,+586.9E-03,+172.0309350E-03
-270.5014E-06,+586.9E-03,+172.1481231E-03
-270.0014E-06,+586.9E-03,+172.2653112E-03
-269.5013E-06,+586.8E-03,+172.2266703E-03
-269.0013E-06,+586.8E-03,+172.1876076E-03
-268.5013E-06,+586.7E-03,+172.1485449E-03
-268.0013E-06,+586.6E-03,+172.1094823E-03
-267.5013E-06,+586.6E-03,+172.0704196E-03
-267.0013E-06,+586.5E-03,+172.0313569E-03
-266.5013E-06,+586.4E-03,+171.9922942E-03
-266.0013E-06,+586.4E-03,+171.9532315E-03
-265.5013E-06,+586.3E-03,+171.9141688E-03
-265.0013E-06,+586.3E-03,+171.8751061E-03
-264.5013E-06,+586.1E-03,+171.8750026E-03
-264.0013E-06,+586.0E-03,+171.8750026E-03
-263.5013E-06,+585.9E-03,+171.8750026E-03
-263.0013E-06,+585.8E-03,+171.8750026E-03
-262.5013E-06,+585.6E-03,+171.8750026E-03
-262.0013E-06,+585.5E-03,+171.8750026E-03
-261.5013E-06,+585.4E-03,+171.8750026E-03
-261.0013E-06,+585.3E-03,+171.8750026E-03
-260.5013E-06,+585.1E-03,+171.8750026E-03
-260.0013E-06,+585.0E-03,+171.8750026E-03
-259.5013E-06,+584.6E-03,+171.7191580E-03
-259.0013E-06,+584.3E-03,+171.5629072E-03
-258.5013E-06,+583.9E-03,+171.4066565E-03
-258.0013E-06,+583.5E-03,+171.2504057E-03
-257.5013E-06,+583.1E-03,+171.0941549E-03
-257.0013E-06,+582.8E-03,+170.9379041E-03
-256.5013E-06,+582.4E-03,+170.7816533E-03
-256.0013E-06,+582.0E-03,+170.6254025E-03
-255.5013E-06,+581.6E-03,+170.4691518E-03
-255.0013E-06,+581.3E-03,+170.3129010E-03
-254.5013E-06,+580.9E-03,+170.1956133E-03
-254.0013E-06,+580.6E-03,+170.0784252E-03
-253.5013E-06,+580.3E-03,+169.9612371E-03
-253.0013E-06,+580.0E-03,+169.8440490E-03
-252.5013E-06,+579.7E-03,+169.7268609E-03
-252.0013E-06,+579.4E-03,+169.6096728E-03
-251.5013E-06,+579.1E-03,+169.4924848E-03
-251.0013E-06,+578.8E-03,+169.3752967E-03
-250.5013E-06,+578.4E-03,+169.2581086E-03
-250.0013E-06,+578.1E-03,+169.1409205E-03
-249.5012E-06,+578.0E-03,+169.1016625E-03
-249.0012E-06,+577.9E-03,+169.0625998E-03
-248.5012E-06,+577.8E-03,+169.0235371E-03
-248.0012E-06,+577.6E-03,+168.9844744E-03
-247.5012E-06,+577.5E-03,+168.9454117E-03
-247.0012E-06,+577.4E-03,+168.9063490E-03
-246.5012E-06,+577.3E-03,+168.8672863E-03
-246.0012E-06,+577.1E-03,+168.8282236E-03
-245.5012E-06,+577.0E-03,+168.7891609E-03
-245.0012E-06,+576.9E-03,+168.7500982E-03
-244.5012E-06,+576.8E-03,+168.7889695E-03
-244.0012E-06,+576.6E-03,+168.8280322E-03
-243.5012E-06,+576.5E-03,+168.8670949E-03
-243.0012E-06,+576.4E-03,+168.9061576E-03
-242.5012E-06,+576.3E-03,+168.9452203E-03
-242.0012E-06,+576.1E-03,+168.9842830E-03
-241.5012E-06,+576.0E-03,+169.0233457E-03
-241.0012E-06,+575.9E-03,+169.0624084E-03
-240.5012E-06,+575.8E-03,+169.1014711E-03
-240.0012E-06,+575.6E-03,+169.1405338E-03
-239.5012E-06,+575.6E-03,+169.2185654E-03
-239.0012E-06,+575.5E-03,+169.2966908E-03
-238.5012E-06,+575.4E-03,+169.3748162E-03
-238.0012E-06,+575.4E-03,+169.4529416E-03
-237.5012E-06,+575.3E-03,+169.5310670E-03
-237.0012E-06,+575.3E-03,+169.6091924E-03
-236.5012E-06,+575.2E-03,+169.6873178E-03
-236.0012E-06,+575.1E-03,+169.7654432E-03
-235.5012E-06,+575.1E-03,+169.8435685E-03
-235.0012E-06,+575.0E-03,+169.9216939E-03
-234.5012E-06,+574.9E-03,+169.9218775E-03
-234.0012E-06,+574.9E-03,+169.9218775E-03
-233.5012E-06,+574.8E-03,+169.9218775E-03
-233.0012E-06,+574.8E-03,+169.9218775E-03
-232.5012E-06,+574.7E-03,+169.9218775E-03
-232.0012E-06,+574.6E-03,+169.9218775E-03
-231.5012E-06,+574.6E-03,+169.9218775E-03
-231.0012E-06,+574.5E-03,+169.9218775E-03
-230.5012E-06,+574.4E-03,+169.9218775E-03
-230.0012E-06,+574.4E-03,+169.9218775E-03
-229.5011E-06,+574.3E-03,+169.9218775E-03
-229.0011E-06,+574.1E-03,+169.9218775E-03
-228.5011E-06,+574.0E-03,+169.9218775E-03
-228.0011E-06,+573.9E-03,+169.9218775E-03
-227.5011E-06,+573.8E-03,+169.9218775E-03
-227.0011E-06,+573.6E-03,+169.9218775E-03
-226.5011E-06,+573.5E-03,+169.9218775E-03
-226.0011E-06,+573.4E-03,+169.9218775E-03
-225.5011E-06,+573.3E-03,+169.9218775E-03
-225.0011E-06,+573.1E-03,+169.9218775E-03
-224.5011E-06,+573.0E-03,+169.9608523E-03
-224.0011E-06,+572.9E-03,+169.9999150E-03
-223.5011E-06,+572.8E-03,+170.0389777E-03
-223.0011E-06,+572.6E-03,+170.0780404E-03
-222.5011E-06,+572.5E-03,+170.1171031E-03
-222.0011E-06,+572.4E-03,+170.1561658E-03
-221.5011E-06,+572.3E-03,+170.1952285E-03
-221.0011E-06,+572.1E-03,+170.2342912E-03
-220.5011E-06,+572.0E-03,+170.2733539E-03
-220.0011E-06,+571.9E-03,+170.3124166E-03
-219.5011E-06,+571.8E-03,+170.3125025E-03
-219.0011E-06,+571.8E-03,+170.3125025E-03
-218.5011E-06,+571.7E-03,+170.3125025E-03
-218.0011E-06,+571.6E-03,+170.3125025E-03
-217.5011E-06,+571.6E-03,+170.3125025E-03
-217.0011E-06,+571.5E-03,+170.3125025E-03
-216.5011E-06,+571.4E-03,+170.3125025E-03
-216.0011E-06,+571.4E-03,+170.3125025E-03
-215.5011E-06,+571.3E-03,+170.3125025E-03
-215.0011E-06,+571.3E-03,+170.3125025E-03
-214.5011E-06,+571.1E-03,+170.3904600E-03
-214.0011E-06,+571.0E-03,+170.4685854E-03
-213.5011E-06,+570.9E-03,+170.5467107E-03
-213.0011E-06,+570.8E-03,+170.6248361E-03
-212.5011E-06,+570.6E-03,+170.7029615E-03
-212.0011E-06,+570.5E-03,+170.7810869E-03
-211.5011E-06,+570.4E-03,+170.8592123E-03
-211.0011E-06,+570.3E-03,+170.9373377E-03
-210.5011E-06,+570.1E-03,+171.0154631E-03
-210.0010E-06,+570.0E-03,+171.0935885E-03
-209.5010E-06,+569.8E-03,+170.9378299E-03
-209.0010E-06,+569.5E-03,+170.7815791E-03
-208.5010E-06,+569.3E-03,+170.6253283E-03
-208.0010E-06,+569.0E-03,+170.4690775E-03
-207.5010E-06,+568.8E-03,+170.3128268E-03
-207.0010E-06,+568.5E-03,+170.1565760E-03
-206.5010E-06,+568.3E-03,+170.0003252E-03
-206.0010E-06,+568.0E-03,+169.8440744E-03
-205.5010E-06,+567.8E-03,+169.6878236E-03
-205.0010E-06,+567.5E-03,+169.5315728E-03
-204.5010E-06,+567.4E-03,+169.4532873E-03
-204.0010E-06,+567.4E-03,+169.3751619E-03
-203.5010E-06,+567.3E-03,+169.2970365E-03
-203.0010E-06,+567.3E-03,+169.2189111E-03
-202.5010E-06,+567.2E-03,+169.1407857E-03
-202.0010E-06,+567.1E-03,+169.0626603E-03
-201.5010E-06,+567.1E-03,+168.9845349E-03
-201.0010E-06,+567.0E-03,+168.9064095E-03
-200.5010E-06,+566.9E-03,+168.8282842E-03
-200.0010E-06,+566.9E-03,+168.7501588E-03
-199.5010E-06,+566.8E-03,+168.7110179E-03
-199.0010E-06,+566.8E-03,+168.6719552E-03
-198.5010E-06,+566.7E-03,+168.6328926E-03
-198.0010E-06,+566.6E-03,+168.5938299E-03
-197.5010E-06,+566.6E-03,+168.5547672E-03
-197.0010E-06,+566.5E-03,+168.5157045E-03
-196.5010E-06,+566.4E-03,+168.4766418E-03
-196.0010E-06,+566.4E-03,+168.4375791E-03
-195.5010E-06,+566.3E-03,+168.3985164E-03
-195.0010E-06,+566.3E-03,+168.3594537E-03
-194.5010E-06,+566.2E-03,+168.2814045E-03
-194.0010E-06,+566.1E-03,+168.2032791E-03
-193.5010E-06,+566.1E-03,+168.1251537E-03
-193.0010E-06,+566.0E-03,+168.0470283E-03
-192.5010E-06,+565.9E-03,+167.9689029E-03
-192.0010E-06,+565.9E-03,+167.8907775E-03
-191.5010E-06,+565.8E-03,+167.8126521E-03
-191.0010E-06,+565.8E-03,+167.7345267E-03
-190.5010E-06,+565.7E-03,+167.6564013E-03
-190.0009E-06,+565.6E-03,+167.5782759E-03
-189.5009E-06,+565.6E-03,+167.6561045E-03
-189.0009E-06,+565.5E-03,+167.7342298E-03
-188.5009E-06,+565.4E-03,+167.8123552E-03
-188.0009E-06,+565.4E-03,+167.8904806E-03
-187.5009E-06,+565.3E-03,+167.9686060E-03
-187.0009E-06,+565.3E-03,+168.0467314E-03
-186.5009E-06,+565.2E-03,+168.1248568E-03
-186.0009E-06,+565.1E-03,+168.2029822E-03
-185.5009E-06,+565.1E-03,+168.2811076E-03
-185.0009E-06,+565.0E-03,+168.3592330E-03
-184.5009E-06,+564.9E-03,+168.3983679E-03
-184.0009E-06,+564.8E-03,+168.4374306E-03
-183.5009E-06,+564.6E-03,+168.4764933E-03
-183.0009E-06,+564.5E-03,+168.5155560E-03
-182.5009E-06,+564.4E-03,+168.5546187E-03
-182.0009E-06,+564.3E-03,+168.5936814E-03
-181.5009E-06,+564.1E-03,+168.6327441E-03
-181.0009E-06,+564.0E-03,+168.6718068E-03
-180.5009E-06,+563.9E-03,+168.7108695E-03
-180.0009E-06,+563.8E-03,+168.7499322E-03
-179.5009E-06,+563.7E-03,+168.8669797E-03
-179.0009E-06,+563.6E-03,+168.9841678E-03
-178.5009E-06,+563.6E-03,+169.1013558E-03
-178.0009E-06,+563.5E-03,+169.2185439E-03
-177.5009E-06,+563.4E-03,+169.3357320E-03
-177.0009E-06,+563.4E-03,+169.4529201E-03
-176.5009E-06,+563.3E-03,+169.5701082E-03
-176.0009E-06,+563.3E-03,+169.6872963E-03
-175.5009E-06,+563.2E-03,+169.8044844E-03
-175.0009E-06,+563.1E-03,+169.9216725E-03
-174.5009E-06,+563.0E-03,+169.9218775E-03
-174.0009E-06,+562.9E-03,+169.9218775E-03
-173.5009E-06,+562.8E-03,+169.9218775E-03
-173.0009E-06,+562.6E-03,+169.9218775E-03
-172.5009E-06,+562.5E-03,+169.9218775E-03
-172.0009E-06,+562.4E-03,+169.9218775E-03
-171.5009E-06,+562.3E-03,+169.9218775E-03
-171.0009E-06,+562.1E-03,+169.9218775E-03
-170.5009E-06,+562.0E-03,+169.9218775E-03
-170.0008E-06,+561.9E-03,+169.9218775E-03
-169.5008E-06,+561.9E-03,+169.9218775E-03
-169.0008E-06,+561.9E-03,+169.9218775E-03
-168.5008E-06,+561.9E-03,+169.9218775E-03
-168.0008E-06,+561.9E-03,+169.9218775E-03
-167.5008E-06,+561.9E-03,+169.9218775E-03
-167.0008E-06,+561.9E-03,+169.9218775E-03
-166.5008E-06,+561.9E-03,+169.9218775E-03
-166.0008E-06,+561.9E-03,+169.9218775E-03
-165.5008E-06,+561.9E-03,+169.9218775E-03
-165.0008E-06,+561.9E-03,+169.9218775E-03
-164.5008E-06,+561.7E-03,+169.9608758E-03
-164.0008E-06,+561.5E-03,+169.9999385E-03
-163.5008E-06,+561.3E-03,+170.0390012E-03
-163.0008E-06,+561.1E-03,+170.0780639E-03
-162.5008E-06,+560.9E-03,+170.1171266E-03
-162.0008E-06,+560.8E-03,+170.1561893E-03
-161.5008E-06,+560.6E-03,+170.1952520E-03
-161.0008E-06,+560.4E-03,+170.2343146E-03
-160.5008E-06,+560.2E-03,+170.2733773E-03
-160.0008E-06,+560.0E-03,+170.3124400E-03
-159.5008E-06,+559.8E-03,+170.2345021E-03
-159.0008E-06,+559.5E-03,+170.1563768E-03
-158.5008E-06,+559.3E-03,+170.0782514E-03
-158.0008E-06,+559.0E-03,+170.0001260E-03
-157.5008E-06,+558.8E-03,+169.9220006E-03
-157.0008E-06,+558.5E-03,+169.8438752E-03
-156.5008E-06,+558.3E-03,+169.7657498E-03
-156.0008E-06,+558.0E-03,+169.6876244E-03
-155.5008E-06,+557.8E-03,+169.6094990E-03
-155.0008E-06,+557.5E-03,+169.5313736E-03
-154.5008E-06,+557.3E-03,+169.4142461E-03
-154.0008E-06,+557.1E-03,+169.2970580E-03
-153.5008E-06,+556.9E-03,+169.1798699E-03
-153.0008E-06,+556.8E-03,+169.0626818E-03
-152.5008E-06,+556.6E-03,+168.9454937E-03
-152.0008E-06,+556.4E-03,+168.8283056E-03
-151.5008E-06,+556.2E-03,+168.7111176E-03
-151.0008E-06,+556.0E-03,+168.5939295E-03
-150.5008E-06,+555.8E-03,+168.4767414E-03
-150.0007E-06,+555.6E-03,+168.3595533E-03
-149.5007E-06,+555.5E-03,+168.3203734E-03
-149.0007E-06,+555.4E-03,+168.2813107E-03
-148.5007E-06,+555.3E-03,+168.2422480E-03
-148.0007E-06,+555.1E-03,+168.2031853E-03
-147.5007E-06,+555.0E-03,+168.1641226E-03
-147.0007E-06,+554.9E-03,+168.1250599E-03
-146.5007E-06,+554.8E-03,+168.0859972E-03
-146.0007E-06,+554.6E-03,+168.0469345E-03
-145.5007E-06,+554.5E-03,+168.0078718E-03
-145.0007E-06,+554.4E-03,+167.9688091E-03
-144.5007E-06,+554.3E-03,+167.9297464E-03
-144.0007E-06,+554.1E-03,+167.8906838E-03
-143.5007E-06,+554.0E-03,+167.8516211E-03
-143.0007E-06,+553.9E-03,+167.8125584E-03
-142.5007E-06,+553.8E-03,+167.7734957E-03
-142.0007E-06,+553.6E-03,+167.7344330E-03
-141.5007E-06,+553.5E-03,+167.6953703E-03
-141.0007E-06,+553.4E-03,+167.6563076E-03
-140.5007E-06,+553.3E-03,+167.6172449E-03
-140.0007E-06,+553.1E-03,+167.5781822E-03
-139.5007E-06,+553.1E-03,+167.5391195E-03
-139.0007E-06,+553.0E-03,+167.5000568E-03
-138.5007E-06,+552.9E-03,+167.4609941E-03
-138.0007E-06,+552.9E-03,+167.4219314E-03
-137.5007E-06,+552.8E-03,+167.3828687E-03
-137.0007E-06,+552.8E-03,+167.3438060E-03
-136.5007E-06,+552.7E-03,+167.3047433E-03
-136.0007E-06,+552.6E-03,+167.2656806E-03
-135.5007E-06,+552.6E-03,+167.2266179E-03
-135.0007E-06,+552.5E-03,+167.1875552E-03
-134.5007E-06,+552.4E-03,+167.2265125E-03
-134.0007E-06,+552.4E-03,+167.2655751E-03
-133.5007E-06,+552.3E-03,+167.3046378E-03
-133.0007E-06,+552.3E-03,+167.3437005E-03
-132.5007E-06,+552.2E-03,+167.3827632E-03
-132.0007E-06,+552.1E-03,+167.4218259E-03
-131.5007E-06,+552.1E-03,+167.4608886E-03
-131.0007E-06,+552.0E-03,+167.4999513E-03
-130.5007E-06,+551.9E-03,+167.5390140E-03
-130.0006E-06,+551.9E-03,+167.5780767E-03
-129.5006E-06,+551.8E-03,+167.6561513E-03
-129.0006E-06,+551.8E-03,+167.7342767E-03
-128.5006E-06,+551.7E-03,+167.8124021E-03
-128.0006E-06,+551.6E-03,+167.8905275E-03
-127.5006E-06,+551.6E-03,+167.9686529E-03
-127.0006E-06,+551.5E-03,+168.0467783E-03
-126.5006E-06,+551.4E-03,+168.1249037E-03
-126.0006E-06,+551.4E-03,+168.2030291E-03
-125.5006E-06,+551.3E-03,+168.2811545E-03
-125.0006E-06,+551.3E-03,+168.3592799E-03
-124.5006E-06,+551.1E-03,+168.4374052E-03
-124.0006E-06,+551.0E-03,+168.5155306E-03
-123.5006E-06,+550.9E-03,+168.5936560E-03
-123.0006E-06,+550.8E-03,+168.6717814E-03
-122.5006E-06,+550.6E-03,+168.7499068E-03
-122.0006E-06,+550.5E-03,+168.8280322E-03
-121.5006E-06,+550.4E-03,+168.9061576E-03
-121.0006E-06,+550.3E-03,+168.9842830E-03
-120.5006E-06,+550.1E-03,+169.0624084E-03
-120.0006E-06,+550.0E-03,+169.1405338E-03
-119.5006E-06,+549.9E-03,+169.2186592E-03
-119.0006E-06,+549.8E-03,+169.2967846E-03
-118.5006E-06,+549.6E-03,+169.3749099E-03
-118.0006E-06,+549.5E-03,+169.4530353E-03
-117.5006E-06,+549.4E-03,+169.5311607E-03
-117.0006E-06,+549.3E-03,+169.6092861E-03
-116.5006E-06,+549.1E-03,+169.6874115E-03
-116.0006E-06,+549.0E-03,+169.7655369E-03
-115.5006E-06,+548.9E-03,+169.8436623E-03
-115.0006E-06,+548.8E-03,+169.9217877E-03
-114.5006E-06,+548.7E-03,+169.9218775E-03
-114.0006E-06,+548.6E-03,+169.9218775E-03
-113.5006E-06,+548.6E-03,+169.9218775E-03
-113.0006E-06,+548.5E-03,+169.9218775E-03
-112.5006E-06,+548.4E-03,+169.9218775E-03
-112.0006E-06,+548.4E-03,+169.9218775E-03
-111.5006E-06,+548.3E-03,+169.9218775E-03
-111.0006E-06,+548.3E-03,+169.9218775E-03
-110.5006E-06,+548.2E-03,+169.9218775E-03
-110.0005E-06,+548.1E-03,+169.9218775E-03
-109.5005E-06,+547.7E-03,+169.7657986E-03
-109.0005E-06,+547.3E-03,+169.6095478E-03
-108.5005E-06,+546.8E-03,+169.4532971E-03
-108.0005E-06,+546.4E-03,+169.2970463E-03
-107.5005E-06,+545.9E-03,+169.1407955E-03
-107.0005E-06,+545.5E-03,+168.9845447E-03
-106.5005E-06,+545.1E-03,+168.8282939E-03
-106.0005E-06,+544.6E-03,+168.6720431E-03
-105.5005E-06,+544.2E-03,+168.5157924E-03
-105.0005E-06,+543.8E-03,+168.3595416E-03
-104.5005E-06,+543.4E-03,+168.2032908E-03
-104.0005E-06,+543.0E-03,+168.0470400E-03
-103.5005E-06,+542.6E-03,+167.8907892E-03
-103.0005E-06,+542.3E-03,+167.7345384E-03
-102.5005E-06,+541.9E-03,+167.5782877E-03
-102.0005E-06,+541.5E-03,+167.4220369E-03
-101.5005E-06,+541.1E-03,+167.2657861E-03
-101.0005E-06,+540.8E-03,+167.1095353E-03
-100.5005E-06,+540.4E-03,+166.9532845E-03
-100.0005E-06,+540.0E-03,+166.7970337E-03
-99.5005E-06,+539.9E-03,+166.7578539E-03
-99.0005E-06,+539.9E-03,+166.7187912E-03
-98.5005E-06,+539.8E-03,+166.6797285E-03
-98.0005E-06,+539.8E-03,+166.6406658E-03
-97.5005E-06,+539.7E-03,+166.6016031E-03
-97.0005E-06,+539.6E-03,+166.5625404E-03
-96.5005E-06,+539.6E-03,+166.5234777E-03
-96.0005E-06,+539.5E-03,+166.4844150E-03
-95.5005E-06,+539.4E-03,+166.4453523E-03
-95.0005E-06,+539.4E-03,+166.4062896E-03
-94.5005E-06,+539.3E-03,+166.4062525E-03
-94.0005E-06,+539.3E-03,+166.4062525E-03
-93.5005E-06,+539.2E-03,+166.4062525E-03
-93.0005E-06,+539.1E-03,+166.4062525E-03
-92.5005E-06,+539.1E-03,+166.4062525E-03
-92.0005E-06,+539.0E-03,+166.4062525E-03
-91.5005E-06,+538.9E-03,+166.4062525E-03
-91.0005E-06,+538.9E-03,+166.4062525E-03
-90.5005E-06,+538.8E-03,+166.4062525E-03
-90.0004E-06,+538.8E-03,+166.4062525E-03
-89.5004E-06,+538.7E-03,+166.4452800E-03
-89.0004E-06,+538.6E-03,+166.4843427E-03
-88.5004E-06,+538.6E-03,+166.5234054E-03
-88.0004E-06,+538.5E-03,+166.5624681E-03
-87.5004E-06,+538.4E-03,+166.6015308E-03
-87.0004E-06,+538.4E-03,+166.6405935E-03
-86.5004E-06,+538.3E-03,+166.6796562E-03
-86.0004E-06,+538.3E-03,+166.7187189E-03
-85.5004E-06,+538.2E-03,+166.7577816E-03
-85.0004E-06,+538.1E-03,+166.7968443E-03
-84.5004E-06,+538.1E-03,+166.8359070E-03
-84.0004E-06,+538.1E-03,+166.8749697E-03
-83.5004E-06,+538.1E-03,+166.9140324E-03
-83.0004E-06,+538.1E-03,+166.9530951E-03
-82.5004E-06,+538.1E-03,+166.9921578E-03
-82.0004E-06,+538.1E-03,+167.0312205E-03
-81.5004E-06,+538.1E-03,+167.0702832E-03
-81.0004E-06,+538.1E-03,+167.1093458E-03
-80.5004E-06,+538.1E-03,+167.1484085E-03
-80.0004E-06,+538.1E-03,+167.1874712E-03
-79.5004E-06,+538.1E-03,+167.2265339E-03
-79.0004E-06,+538.1E-03,+167.2655966E-03
-78.5004E-06,+538.1E-03,+167.3046593E-03
-78.0004E-06,+538.1E-03,+167.3437220E-03
-77.5004E-06,+538.1E-03,+167.3827847E-03
-77.0004E-06,+538.1E-03,+167.4218474E-03
-76.5004E-06,+538.1E-03,+167.4609101E-03
-76.0004E-06,+538.1E-03,+167.4999728E-03
-75.5004E-06,+538.1E-03,+167.5390355E-03
-75.0004E-06,+538.1E-03,+167.5780982E-03
-74.5004E-06,+538.1E-03,+167.5781275E-03
-74.0004E-06,+538.0E-03,+167.5781275E-03
-73.5004E-06,+537.9E-03,+167.5781275E-03
-73.0004E-06,+537.9E-03,+167.5781275E-03
-72.5004E-06,+537.8E-03,+167.5781275E-03
-72.0004E-06,+537.8E-03,+167.5781275E-03
-71.5004E-06,+537.7E-03,+167.5781275E-03
-71.0004E-06,+537.6E-03,+167.5781275E-03
-70.5004E-06,+537.6E-03,+167.5781275E-03
-70.0003E-06,+537.5E-03,+167.5781275E-03
-69.5003E-06,+537.5E-03,+167.6171628E-03
-69.0003E-06,+537.5E-03,+167.6562255E-03
-68.5003E-06,+537.5E-03,+167.6952882E-03
-68.0003E-06,+537.5E-03,+167.7343509E-03
-67.5003E-06,+537.5E-03,+167.7734136E-03
-67.0003E-06,+537.5E-03,+167.8124763E-03
-66.5003E-06,+537.5E-03,+167.8515390E-03
-66.0003E-06,+537.5E-03,+167.8906017E-03
-65.5003E-06,+537.5E-03,+167.9296644E-03
-65.0003E-06,+537.5E-03,+167.9687271E-03
-64.5003E-06,+537.4E-03,+168.0077898E-03
-64.0003E-06,+537.4E-03,+168.0468525E-03
-63.5003E-06,+537.3E-03,+168.0859152E-03
-63.0003E-06,+537.3E-03,+168.1249779E-03
-62.5003E-06,+537.2E-03,+168.1640406E-03
-62.0003E-06,+537.1E-03,+168.2031033E-03
-61.5003E-06,+537.1E-03,+168.2421660E-03
-61.0003E-06,+537.0E-03,+168.2812287E-03
-60.5003E-06,+536.9E-03,+168.3202914E-03
-60.0003E-06,+536.9E-03,+168.3593541E-03
-59.5003E-06,+536.6E-03,+168.3203383E-03
-59.0003E-06,+536.4E-03,+168.2812756E-03
-58.5003E-06,+536.1E-03,+168.2422129E-03
-58.0003E-06,+535.9E-03,+168.2031502E-03
-57.5003E-06,+535.6E-03,+168.1640875E-03
-57.0003E-06,+535.4E-03,+168.1250248E-03
-56.5003E-06,+535.1E-03,+168.0859621E-03
-56.0003E-06,+534.9E-03,+168.0468994E-03
-55.5003E-06,+534.6E-03,+168.0078367E-03
-55.0003E-06,+534.4E-03,+167.9687740E-03
-54.5003E-06,+534.0E-03,+167.8516289E-03
-54.0003E-06,+533.6E-03,+167.7344408E-03
-53.5003E-06,+533.3E-03,+167.6172527E-03
-53.0003E-06,+532.9E-03,+167.5000646E-03
-52.5003E-06,+532.5E-03,+167.3828765E-03
-52.0003E-06,+532.1E-03,+167.2656884E-03
-51.5003E-06,+531.8E-03,+167.1485003E-03
-51.0003E-06,+531.4E-03,+167.0313123E-03
-50.5003E-06,+531.0E-03,+166.9141242E-03
-50.0002E-06,+530.6E-03,+166.7969361E-03
-49.5002E-06,+530.4E-03,+166.7187912E-03
-49.0002E-06,+530.3E-03,+166.6406658E-03
-48.5002E-06,+530.1E-03,+166.5625404E-03
-48.0002E-06,+529.9E-03,+166.4844150E-03
-47.5002E-06,+529.7E-03,+166.4062896E-03
-47.0002E-06,+529.5E-03,+166.3281642E-03
-46.5002E-06,+529.3E-03,+166.2500388E-03
-46.0002E-06,+529.1E-03,+166.1719134E-03
-45.5002E-06,+528.9E-03,+166.0937880E-03
-45.0002E-06,+528.8E-03,+166.0156626E-03
-44.5002E-06,+528.6E-03,+165.9375372E-03
-44.0002E-06,+528.5E-03,+165.8594118E-03
-43.5002E-06,+528.4E-03,+165.7812865E-03
-43.0002E-06,+528.3E-03,+165.7031611E-03
-42.5002E-06,+528.1E-03,+165.6250357E-03
-42.0002E-06,+528.0E-03,+165.5469103E-03
-41.5002E-06,+527.9E-03,+165.4687849E-03
-41.0002E-06,+527.8E-03,+165.3906595E-03
-40.5002E-06,+527.6E-03,+165.3125341E-03
-40.0002E-06,+527.5E-03,+165.2344087E-03
-39.5002E-06,+527.5E-03,+165.3124716E-03
-39.0002E-06,+527.5E-03,+165.3905970E-03
-38.5002E-06,+527.5E-03,+165.4687224E-03
-38.0002E-06,+527.5E-03,+165.5468478E-03
-37.5002E-06,+527.5E-03,+165.6249732E-03
-37.0002E-06,+527.5E-03,+165.7030986E-03
-36.5002E-06,+527.5E-03,+165.7812240E-03
-36.0002E-06,+527.5E-03,+165.8593493E-03
-35.5002E-06,+527.5E-03,+165.9374747E-03
-35.0002E-06,+527.5E-03,+166.0156001E-03
-34.5002E-06,+527.4E-03,+166.0156275E-03
-34.0002E-06,+527.3E-03,+166.0156275E-03
-33.5002E-06,+527.1E-03,+166.0156275E-03
-33.0002E-06,+527.0E-03,+166.0156275E-03
-32.5002E-06,+526.9E-03,+166.0156275E-03
-32.0002E-06,+526.8E-03,+166.0156275E-03
-31.5002E-06,+526.6E-03,+166.0156275E-03
-31.0002E-06,+526.5E-03,+166.0156275E-03
-30.5002E-06,+526.4E-03,+166.0156275E-03
-30.0001E-06,+526.3E-03,+166.0156275E-03
-29.5001E-06,+526.2E-03,+166.0937294E-03
-29.0001E-06,+526.1E-03,+166.1718548E-03
-28.5001E-06,+526.1E-03,+166.2499802E-03
-28.0001E-06,+526.0E-03,+166.3281056E-03
-27.5001E-06,+525.9E-03,+166.4062310E-03
-27.0001E-06,+525.9E-03,+166.4843564E-03
-26.5001E-06,+525.8E-03,+166.5624818E-03
-26.0001E-06,+525.8E-03,+166.6406072E-03
-25.5001E-06,+525.7E-03,+166.7187326E-03
-25.0001E-06,+525.6E-03,+166.7968580E-03
-24.5001E-06,+525.6E-03,+166.8359304E-03
-24.0001E-06,+525.5E-03,+166.8749931E-03
-23.5001E-06,+525.4E-03,+166.9140558E-03
-23.0001E-06,+525.4E-03,+166.9531185E-03
-22.5001E-06,+525.3E-03,+166.9921812E-03
-22.0001E-06,+525.3E-03,+167.0312439E-03
-21.5001E-06,+525.2E-03,+167.0703066E-03
-21.0001E-06,+525.1E-03,+167.1093693E-03
-20.5001E-06,+525.1E-03,+167.1484320E-03
-20.0001E-06,+525.0E-03,+167.1874947E-03
-19.5001E-06,+524.9E-03,+167.1875025E-03
-19.0001E-06,+524.9E-03,+167.1875025E-03
-18.5001E-06,+524.8E-03,+167.1875025E-03
-18.0001E-06,+524.7E-03,+167.1875025E-03
-17.5001E-06,+524.7E-03,+167.1875025E-03
-17.0001E-06,+524.6E-03,+167.1875025E-03
-16.5001E-06,+524.6E-03,+167.1875025E-03
-16.0001E-06,+524.5E-03,+167.1875025E-03
-15.5001E-06,+524.4E-03,+167.1875025E-03
-15.0001E-06,+524.4E-03,+167.1875025E-03
-14.5001E-06,+524.3E-03,+167.1875025E-03
-14.0001E-06,+524.1E-03,+167.1875025E-03
-13.5001E-06,+524.0E-03,+167.1875025E-03
-13.0001E-06,+523.9E-03,+167.1875025E-03
-12.5001E-06,+523.8E-03,+167.1875025E-03
-12.0001E-06,+523.6E-03,+167.1875025E-03
-11.5001E-06,+523.5E-03,+167.1875025E-03
-11.0001E-06,+523.4E-03,+167.1875025E-03
-10.5001E-06,+523.3E-03,+167.1875025E-03
-10.0000E-06,+523.1E-03,+167.1875025E-03
-9.5000E-06,+522.8E-03,+167.1484437E-03
-9.0000E-06,+522.5E-03,+167.1093810E-03
-8.5000E-06,+522.2E-03,+167.0703183E-03
-8.0000E-06,+521.9E-03,+167.0312556E-03
-7.5000E-06,+521.6E-03,+166.9921929E-03
-7.0000E-06,+521.3E-03,+166.9531302E-03
-6.5000E-06,+520.9E-03,+166.9140675E-03
-6.0000E-06,+520.6E-03,+166.8750048E-03
-5.5000E-06,+520.3E-03,+166.8359421E-03
-5.0000E-06,+520.0E-03,+166.7968794E-03
-4.5000E-06,+519.8E-03,+166.6406345E-03
-4.0000E-06,+519.6E-03,+166.4843837E-03
-3.5000E-06,+519.4E-03,+166.3281329E-03
-3.0000E-06,+519.2E-03,+166.1718822E-03
-2.5000E-06,+519.1E-03,+166.0156314E-03
-2.0000E-06,+518.9E-03,+165.8593806E-03
-1.5000E-06,+518.7E-03,+165.7031298E-03
-1.0000E-06,+518.5E-03,+165.5468790E-03
-500.0E-09,+518.3E-03,+165.3906282E-03
+0.0E+00,+518.1E-03,+165.2343775E-03
+500.0E-09,+518.1E-03,+165.1953148E-03
+1.0000E-06,+518.0E-03,+165.1562521E-03
+1.5000E-06,+517.9E-03,+165.1171894E-03
+2.0000E-06,+517.9E-03,+165.0781267E-03
+2.5000E-06,+517.8E-03,+165.0390640E-03
+3.0000E-06,+517.7E-03,+165.0000013E-03
+3.5000E-06,+517.7E-03,+164.9609386E-03
+4.0000E-06,+517.6E-03,+164.9218759E-03
+4.5000E-06,+517.6E-03,+164.8828132E-03
+5.0000E-06,+517.5E-03,+164.8437505E-03
+5.5000E-06,+517.4E-03,+164.8046878E-03
+6.0000E-06,+517.4E-03,+164.7656251E-03
+6.5000E-06,+517.3E-03,+164.7265624E-03
+7.0000E-06,+517.2E-03,+164.6874997E-03
+7.5000E-06,+517.2E-03,+164.6484370E-03
+8.0000E-06,+517.1E-03,+164.6093743E-03
+8.5000E-06,+517.1E-03,+164.5703116E-03
+9.0000E-06,+517.0E-03,+164.5312489E-03
+9.5000E-06,+516.9E-03,+164.4921862E-03
+10.0001E-06,+516.9E-03,+164.4531275E-03
+10.5001E-06,+516.9E-03,+164.4531275E-03
+11.0001E-06,+516.9E-03,+164.4531275E-03
+11.5001E-06,+516.9E-03,+164.4531275E-03
+12.0001E-06,+516.9E-03,+164.4531275E-03
+12.5001E-06,+516.9E-03,+164.4531275E-03
+13.0001E-06,+516.9E-03,+164.4531275E-03
+13.5001E-06,+516.9E-03,+164.4531275E-03
+14.0001E-06,+516.9E-03,+164.4531275E-03
+14.5001E-06,+516.9E-03,+164.4531275E-03
+15.0001E-06,+516.9E-03,+164.4531333E-03
+15.5001E-06,+516.8E-03,+164.4921960E-03
+16.0001E-06,+516.7E-03,+164.5312587E-03
+16.5001E-06,+516.7E-03,+164.5703214E-03
+17.0001E-06,+516.6E-03,+164.6093841E-03
+17.5001E-06,+516.6E-03,+164.6484468E-03
+18.0001E-06,+516.5E-03,+164.6875095E-03
+18.5001E-06,+516.4E-03,+164.7265722E-03
+19.0001E-06,+516.4E-03,+164.7656349E-03
+19.5001E-06,+516.3E-03,+164.8046976E-03
+20.0001E-06,+516.2E-03,+164.8437525E-03
+20.5001E-06,+516.2E-03,+164.8437525E-03
+21.0001E-06,+516.2E-03,+164.8437525E-03
+21.5001E-06,+516.2E-03,+164.8437525E-03
+22.0001E-06,+516.2E-03,+164.8437525E-03
+22.5001E-06,+516.2E-03,+164.8437525E-03
+23.0001E-06,+516.2E-03,+164.8437525E-03
+23.5001E-06,+516.2E-03,+164.8437525E-03
+24.0001E-06,+516.2E-03,+164.8437525E-03
+24.5001E-06,+516.2E-03,+164.8437525E-03
+25.0001E-06,+516.2E-03,+164.8437720E-03
+25.5001E-06,+516.2E-03,+164.9218974E-03
+26.0001E-06,+516.1E-03,+165.0000228E-03
+26.5001E-06,+516.1E-03,+165.0781482E-03
+27.0001E-06,+516.0E-03,+165.1562736E-03
+27.5001E-06,+515.9E-03,+165.2343989E-03
+28.0001E-06,+515.9E-03,+165.3125243E-03
+28.5001E-06,+515.8E-03,+165.3906497E-03
+29.0001E-06,+515.7E-03,+165.4687751E-03
+29.5001E-06,+515.7E-03,+165.5469005E-03
+30.0002E-06,+515.6E-03,+165.6250025E-03
+30.5002E-06,+515.6E-03,+165.6250025E-03
+31.0002E-06,+515.5E-03,+165.6250025E-03
+31.5002E-06,+515.4E-03,+165.6250025E-03
+32.0002E-06,+515.4E-03,+165.6250025E-03
+32.5002E-06,+515.3E-03,+165.6250025E-03
+33.0002E-06,+515.2E-03,+165.6250025E-03
+33.5002E-06,+515.2E-03,+165.6250025E-03
+34.0002E-06,+515.1E-03,+165.6250025E-03
+34.5002E-06,+515.1E-03,+165.6250025E-03
+35.0002E-06,+515.0E-03,+165.6250298E-03
+35.5002E-06,+514.9E-03,+165.7031552E-03
+36.0002E-06,+514.9E-03,+165.7812806E-03
+36.5002E-06,+514.8E-03,+165.8594060E-03
+37.0002E-06,+514.7E-03,+165.9375314E-03
+37.5002E-06,+514.7E-03,+166.0156568E-03
+38.0002E-06,+514.6E-03,+166.0937822E-03
+38.5002E-06,+514.6E-03,+166.1719076E-03
+39.0002E-06,+514.5E-03,+166.2500329E-03
+39.5002E-06,+514.4E-03,+166.3281583E-03
+40.0002E-06,+514.4E-03,+166.4062369E-03
+40.5002E-06,+514.1E-03,+166.3671742E-03
+41.0002E-06,+513.7E-03,+166.3281115E-03
+41.5002E-06,+513.4E-03,+166.2890488E-03
+42.0002E-06,+513.1E-03,+166.2499861E-03
+42.5002E-06,+512.8E-03,+166.2109234E-03
+43.0002E-06,+512.5E-03,+166.1718607E-03
+43.5002E-06,+512.2E-03,+166.1327980E-03
+44.0002E-06,+511.9E-03,+166.0937353E-03
+44.5002E-06,+511.6E-03,+166.0546726E-03
+45.0002E-06,+511.2E-03,+166.0155572E-03
+45.5002E-06,+510.6E-03,+165.8593064E-03
+46.0002E-06,+510.0E-03,+165.7030556E-03
+46.5002E-06,+509.4E-03,+165.5468048E-03
+47.0002E-06,+508.7E-03,+165.3905540E-03
+47.5002E-06,+508.1E-03,+165.2343032E-03
+48.0002E-06,+507.5E-03,+165.0780525E-03
+48.5002E-06,+506.9E-03,+164.9218017E-03
+49.0002E-06,+506.2E-03,+164.7655509E-03
+49.5002E-06,+505.6E-03,+164.6093001E-03
+50.0003E-06,+505.0E-03,+164.4530689E-03
+50.5003E-06,+504.6E-03,+164.3358808E-03
+51.0003E-06,+504.2E-03,+164.2186927E-03
+51.5003E-06,+503.9E-03,+164.1015046E-03
+52.0003E-06,+503.5E-03,+163.9843165E-03
+52.5003E-06,+503.1E-03,+163.8671284E-03
+53.0003E-06,+502.7E-03,+163.7499403E-03
+53.5003E-06,+502.4E-03,+163.6327522E-03
+54.0003E-06,+502.0E-03,+163.5155642E-03
+54.5003E-06,+501.6E-03,+163.3983761E-03
+55.0003E-06,+501.2E-03,+163.2812524E-03
+55.5003E-06,+501.1E-03,+163.2812524E-03
+56.0003E-06,+501.0E-03,+163.2812524E-03
+56.5003E-06,+500.9E-03,+163.2812524E-03
+57.0003E-06,+500.7E-03,+163.2812524E-03
+57.5003E-06,+500.6E-03,+163.2812524E-03
+58.0003E-06,+500.5E-03,+163.2812524E-03
+58.5003E-06,+500.4E-03,+163.2812524E-03
+59.0003E-06,+500.2E-03,+163.2812524E-03
+59.5003E-06,+500.1E-03,+163.2812524E-03
+60.0003E-06,+500.0E-03,+163.2812290E-03
+60.5003E-06,+499.9E-03,+163.2421663E-03
+61.0003E-06,+499.7E-03,+163.2031036E-03
+61.5003E-06,+499.6E-03,+163.1640409E-03
+62.0003E-06,+499.5E-03,+163.1249782E-03
+62.5003E-06,+499.4E-03,+163.0859155E-03
+63.0003E-06,+499.2E-03,+163.0468528E-03
+63.5003E-06,+499.1E-03,+163.0077901E-03
+64.0003E-06,+499.0E-03,+162.9687274E-03
+64.5003E-06,+498.9E-03,+162.9296647E-03
+65.0003E-06,+498.7E-03,+162.8906782E-03
+65.5003E-06,+498.7E-03,+162.9688036E-03
+66.0003E-06,+498.7E-03,+163.0469290E-03
+66.5003E-06,+498.7E-03,+163.1250544E-03
+67.0003E-06,+498.7E-03,+163.2031798E-03
+67.5003E-06,+498.7E-03,+163.2813052E-03
+68.0003E-06,+498.7E-03,+163.3594306E-03
+68.5003E-06,+498.7E-03,+163.4375560E-03
+69.0003E-06,+498.7E-03,+163.5156813E-03
+69.5003E-06,+498.7E-03,+163.5938067E-03
+70.0004E-06,+498.7E-03,+163.6719048E-03
+70.5004E-06,+498.6E-03,+163.7109675E-03
+71.0004E-06,+498.5E-03,+163.7500302E-03
+71.5004E-06,+498.4E-03,+163.7890929E-03
+72.0004E-06,+498.2E-03,+163.8281556E-03
+72.5004E-06,+498.1E-03,+163.8672183E-03
+73.0004E-06,+498.0E-03,+163.9062810E-03
+73.5004E-06,+497.9E-03,+163.9453437E-03
+74.0004E-06,+497.7E-03,+163.9844063E-03
+74.5004E-06,+497.6E-03,+164.0234690E-03
+75.0004E-06,+497.5E-03,+164.0625024E-03
+75.5004E-06,+497.5E-03,+164.0625024E-03
+76.0004E-06,+497.5E-03,+164.0625024E-03
+76.5004E-06,+497.5E-03,+164.0625024E-03
+77.0004E-06,+497.5E-03,+164.0625024E-03
+77.5004E-06,+497.5E-03,+164.0625024E-03
+78.0004E-06,+497.5E-03,+164.0625024E-03
+78.5004E-06,+497.5E-03,+164.0625024E-03
+79.0004E-06,+497.5E-03,+164.0625024E-03
+79.5004E-06,+497.5E-03,+164.0625024E-03
+80.0004E-06,+497.5E-03,+164.0625649E-03
+80.5004E-06,+497.5E-03,+164.1406903E-03
+81.0004E-06,+497.5E-03,+164.2188157E-03
+81.5004E-06,+497.5E-03,+164.2969411E-03
+82.0004E-06,+497.5E-03,+164.3750665E-03
+82.5004E-06,+497.5E-03,+164.4531919E-03
+83.0004E-06,+497.5E-03,+164.5313173E-03
+83.5004E-06,+497.5E-03,+164.6094427E-03
+84.0004E-06,+497.5E-03,+164.6875681E-03
+84.5004E-06,+497.5E-03,+164.7656935E-03
+85.0004E-06,+497.5E-03,+164.8437857E-03
+85.5004E-06,+497.5E-03,+164.8828484E-03
+86.0004E-06,+497.5E-03,+164.9219111E-03
+86.5004E-06,+497.5E-03,+164.9609737E-03
+87.0004E-06,+497.5E-03,+165.0000364E-03
+87.5004E-06,+497.5E-03,+165.0390991E-03
+88.0004E-06,+497.5E-03,+165.0781618E-03
+88.5004E-06,+497.5E-03,+165.1172245E-03
+89.0004E-06,+497.5E-03,+165.1562872E-03
+89.5004E-06,+497.5E-03,+165.1953499E-03
+90.0005E-06,+497.5E-03,+165.2344126E-03
+90.5005E-06,+497.4E-03,+165.2734753E-03
+91.0005E-06,+497.4E-03,+165.3125380E-03
+91.5005E-06,+497.3E-03,+165.3516007E-03
+92.0005E-06,+497.2E-03,+165.3906634E-03
+92.5005E-06,+497.2E-03,+165.4297261E-03
+93.0005E-06,+497.1E-03,+165.4687888E-03
+93.5005E-06,+497.1E-03,+165.5078515E-03
+94.0005E-06,+497.0E-03,+165.5469142E-03
+94.5005E-06,+496.9E-03,+165.5859769E-03
+95.0005E-06,+496.9E-03,+165.6248540E-03
+95.5005E-06,+496.8E-03,+165.4686032E-03
+96.0005E-06,+496.7E-03,+165.3123525E-03
+96.5005E-06,+496.7E-03,+165.1561017E-03
+97.0005E-06,+496.6E-03,+164.9998509E-03
+97.5005E-06,+496.6E-03,+164.8436001E-03
+98.0005E-06,+496.5E-03,+164.6873493E-03
+98.5005E-06,+496.4E-03,+164.5310985E-03
+99.0005E-06,+496.4E-03,+164.3748478E-03
+99.5005E-06,+496.3E-03,+164.2185970E-03
+100.0005E-06,+496.2E-03,+164.0623853E-03
+100.5005E-06,+496.0E-03,+163.9451972E-03
+101.0005E-06,+495.7E-03,+163.8280091E-03
+101.5005E-06,+495.5E-03,+163.7108210E-03
+102.0005E-06,+495.2E-03,+163.5936329E-03
+102.5005E-06,+495.0E-03,+163.4764448E-03
+103.0005E-06,+494.7E-03,+163.3592567E-03
+103.5005E-06,+494.5E-03,+163.2420686E-03
+104.0005E-06,+494.2E-03,+163.1248806E-03
+104.5005E-06,+494.0E-03,+163.0076925E-03
+105.0005E-06,+493.7E-03,+162.8905454E-03
+105.5005E-06,+493.7E-03,+162.8124200E-03
+106.0005E-06,+493.6E-03,+162.7342946E-03
+106.5005E-06,+493.6E-03,+162.6561692E-03
+107.0005E-06,+493.5E-03,+162.5780438E-03
+107.5005E-06,+493.4E-03,+162.4999184E-03
+108.0005E-06,+493.4E-03,+162.4217930E-03
+108.5005E-06,+493.3E-03,+162.3436677E-03
+109.0005E-06,+493.2E-03,+162.2655423E-03
+109.5005E-06,+493.2E-03,+162.1874169E-03
+110.0006E-06,+493.1E-03,+162.1093774E-03
+110.5006E-06,+492.9E-03,+162.1093774E-03
+111.0006E-06,+492.7E-03,+162.1093774E-03
+111.5006E-06,+492.6E-03,+162.1093774E-03
+112.0006E-06,+492.4E-03,+162.1093774E-03
+112.5006E-06,+492.2E-03,+162.1093774E-03
+113.0006E-06,+492.0E-03,+162.1093774E-03
+113.5006E-06,+491.8E-03,+162.1093774E-03
+114.0006E-06,+491.6E-03,+162.1093774E-03
+114.5006E-06,+491.4E-03,+162.1093774E-03
+115.0006E-06,+491.2E-03,+162.1094223E-03
+115.5006E-06,+491.2E-03,+162.1484850E-03
+116.0006E-06,+491.1E-03,+162.1875477E-03
+116.5006E-06,+491.1E-03,+162.2266104E-03
+117.0006E-06,+491.0E-03,+162.2656731E-03
+117.5006E-06,+490.9E-03,+162.3047358E-03
+118.0006E-06,+490.9E-03,+162.3437985E-03
+118.5006E-06,+490.8E-03,+162.3828612E-03
+119.0006E-06,+490.7E-03,+162.4219239E-03
+119.5006E-06,+490.7E-03,+162.4609866E-03
+120.0006E-06,+490.6E-03,+162.5000493E-03
+120.5006E-06,+490.4E-03,+162.5391120E-03
+121.0006E-06,+490.2E-03,+162.5781747E-03
+121.5006E-06,+490.1E-03,+162.6172374E-03
+122.0006E-06,+489.9E-03,+162.6563001E-03
+122.5006E-06,+489.7E-03,+162.6953628E-03
+123.0006E-06,+489.5E-03,+162.7344255E-03
+123.5006E-06,+489.3E-03,+162.7734882E-03
+124.0006E-06,+489.1E-03,+162.8125509E-03
+124.5006E-06,+488.9E-03,+162.8516136E-03
+125.0006E-06,+488.7E-03,+162.8907251E-03
+125.5006E-06,+488.7E-03,+162.9688505E-03
+126.0006E-06,+488.6E-03,+163.0469759E-03
+126.5006E-06,+488.6E-03,+163.1251013E-03
+127.0006E-06,+488.5E-03,+163.2032267E-03
+127.5006E-06,+488.4E-03,+163.2813520E-03
+128.0006E-06,+488.4E-03,+163.3594774E-03
+128.5006E-06,+488.3E-03,+163.4376028E-03
+129.0006E-06,+488.2E-03,+163.5157282E-03
+129.5006E-06,+488.2E-03,+163.5938536E-03
+130.0007E-06,+488.1E-03,+163.6718267E-03
+130.5007E-06,+487.9E-03,+163.6327640E-03
+131.0007E-06,+487.7E-03,+163.5937013E-03
+131.5007E-06,+487.6E-03,+163.5546386E-03
+132.0007E-06,+487.4E-03,+163.5155759E-03
+132.5007E-06,+487.2E-03,+163.4765132E-03
+133.0007E-06,+487.0E-03,+163.4374505E-03
+133.5007E-06,+486.8E-03,+163.3983878E-03
+134.0007E-06,+486.6E-03,+163.3593251E-03
+134.5007E-06,+486.4E-03,+163.3202624E-03
+135.0007E-06,+486.2E-03,+163.2813052E-03
+135.5007E-06,+486.2E-03,+163.3203679E-03
+136.0007E-06,+486.1E-03,+163.3594306E-03
+136.5007E-06,+486.1E-03,+163.3984933E-03
+137.0007E-06,+486.0E-03,+163.4375560E-03
+137.5007E-06,+485.9E-03,+163.4766186E-03
+138.0007E-06,+485.9E-03,+163.5156813E-03
+138.5007E-06,+485.8E-03,+163.5547440E-03
+139.0007E-06,+485.7E-03,+163.5938067E-03
+139.5007E-06,+485.7E-03,+163.6328694E-03
+140.0007E-06,+485.6E-03,+163.6718228E-03
+140.5007E-06,+485.2E-03,+163.6327601E-03
+141.0007E-06,+484.9E-03,+163.5936974E-03
+141.5007E-06,+484.5E-03,+163.5546347E-03
+142.0007E-06,+484.1E-03,+163.5155720E-03
+142.5007E-06,+483.7E-03,+163.4765093E-03
+143.0007E-06,+483.4E-03,+163.4374466E-03
+143.5007E-06,+483.0E-03,+163.3983839E-03
+144.0007E-06,+482.6E-03,+163.3593212E-03
+144.5007E-06,+482.2E-03,+163.3202585E-03
+145.0007E-06,+481.9E-03,+163.2810825E-03
+145.5007E-06,+481.6E-03,+163.1638944E-03
+146.0007E-06,+481.4E-03,+163.0467063E-03
+146.5007E-06,+481.1E-03,+162.9295182E-03
+147.0007E-06,+480.9E-03,+162.8123302E-03
+147.5007E-06,+480.6E-03,+162.6951421E-03
+148.0007E-06,+480.4E-03,+162.5779540E-03
+148.5007E-06,+480.1E-03,+162.4607659E-03
+149.0007E-06,+479.9E-03,+162.3435778E-03
+149.5007E-06,+479.6E-03,+162.2263897E-03
+150.0008E-06,+479.4E-03,+162.1093188E-03
+150.5008E-06,+479.2E-03,+162.0702561E-03
+151.0008E-06,+479.0E-03,+162.0311934E-03
+151.5008E-06,+478.8E-03,+161.9921307E-03
+152.0008E-06,+478.6E-03,+161.9530680E-03
+152.5008E-06,+478.4E-03,+161.9140053E-03
+153.0008E-06,+478.2E-03,+161.8749426E-03
+153.5008E-06,+478.1E-03,+161.8358800E-03
+154.0008E-06,+477.9E-03,+161.7968173E-03
+154.5008E-06,+477.7E-03,+161.7577546E-03
+155.0008E-06,+477.5E-03,+161.7187524E-03
+155.5008E-06,+477.5E-03,+161.7187524E-03
+156.0008E-06,+477.5E-03,+161.7187524E-03
+156.5008E-06,+477.5E-03,+161.7187524E-03
+157.0008E-06,+477.5E-03,+161.7187524E-03
+157.5008E-06,+477.5E-03,+161.7187524E-03
+158.0008E-06,+477.5E-03,+161.7187524E-03
+158.5008E-06,+477.5E-03,+161.7187524E-03
+159.0008E-06,+477.5E-03,+161.7187524E-03
+159.5008E-06,+477.5E-03,+161.7187524E-03
+160.0008E-06,+477.5E-03,+161.7187524E-03
+160.5008E-06,+477.4E-03,+161.7187524E-03
+161.0008E-06,+477.4E-03,+161.7187524E-03
+161.5008E-06,+477.3E-03,+161.7187524E-03
+162.0008E-06,+477.2E-03,+161.7187524E-03
+162.5008E-06,+477.2E-03,+161.7187524E-03
+163.0008E-06,+477.1E-03,+161.7187524E-03
+163.5008E-06,+477.1E-03,+161.7187524E-03
+164.0008E-06,+477.0E-03,+161.7187524E-03
+164.5008E-06,+476.9E-03,+161.7187524E-03
+165.0008E-06,+476.9E-03,+161.7187524E-03
+165.5008E-06,+476.9E-03,+161.7187524E-03
+166.0008E-06,+476.9E-03,+161.7187524E-03
+166.5008E-06,+476.9E-03,+161.7187524E-03
+167.0008E-06,+476.9E-03,+161.7187524E-03
+167.5008E-06,+476.9E-03,+161.7187524E-03
+168.0008E-06,+476.9E-03,+161.7187524E-03
+168.5008E-06,+476.9E-03,+161.7187524E-03
+169.0008E-06,+476.9E-03,+161.7187524E-03
+169.5008E-06,+476.9E-03,+161.7187524E-03
+170.0009E-06,+476.9E-03,+161.7187524E-03
+170.5009E-06,+476.9E-03,+161.7187524E-03
+171.0009E-06,+476.9E-03,+161.7187524E-03
+171.5009E-06,+476.9E-03,+161.7187524E-03
+172.0009E-06,+476.9E-03,+161.7187524E-03
+172.5009E-06,+476.9E-03,+161.7187524E-03
+173.0009E-06,+476.9E-03,+161.7187524E-03
+173.5009E-06,+476.9E-03,+161.7187524E-03
+174.0009E-06,+476.9E-03,+161.7187524E-03
+174.5009E-06,+476.9E-03,+161.7187524E-03
+175.0009E-06,+476.9E-03,+161.7188208E-03
+175.5009E-06,+476.9E-03,+161.7578835E-03
+176.0009E-06,+476.9E-03,+161.7969462E-03
+176.5009E-06,+476.9E-03,+161.8360089E-03
+177.0009E-06,+476.9E-03,+161.8750716E-03
+177.5009E-06,+476.9E-03,+161.9141342E-03
+178.0009E-06,+476.9E-03,+161.9531969E-03
+178.5009E-06,+476.9E-03,+161.9922596E-03
+179.0009E-06,+476.9E-03,+162.0313223E-03
+179.5009E-06,+476.9E-03,+162.0703850E-03
+180.0009E-06,+476.9E-03,+162.1094477E-03
+180.5009E-06,+476.9E-03,+162.1485104E-03
+181.0009E-06,+476.9E-03,+162.1875731E-03
+181.5009E-06,+476.9E-03,+162.2266358E-03
+182.0009E-06,+476.9E-03,+162.2656985E-03
+182.5009E-06,+476.9E-03,+162.3047612E-03
+183.0009E-06,+476.9E-03,+162.3438239E-03
+183.5009E-06,+476.9E-03,+162.3828866E-03
+184.0009E-06,+476.9E-03,+162.4219493E-03
+184.5009E-06,+476.9E-03,+162.4610120E-03
+185.0009E-06,+476.9E-03,+162.5000747E-03
+185.5009E-06,+476.8E-03,+162.5391374E-03
+186.0009E-06,+476.7E-03,+162.5782001E-03
+186.5009E-06,+476.7E-03,+162.6172628E-03
+187.0009E-06,+476.6E-03,+162.6563255E-03
+187.5009E-06,+476.6E-03,+162.6953882E-03
+188.0009E-06,+476.5E-03,+162.7344509E-03
+188.5009E-06,+476.4E-03,+162.7735136E-03
+189.0009E-06,+476.4E-03,+162.8125763E-03
+189.5009E-06,+476.3E-03,+162.8516390E-03
+190.0010E-06,+476.2E-03,+162.8907016E-03
+190.5010E-06,+476.1E-03,+162.9297643E-03
+191.0010E-06,+476.0E-03,+162.9688270E-03
+191.5010E-06,+475.9E-03,+163.0078897E-03
+192.0010E-06,+475.7E-03,+163.0469524E-03
+192.5010E-06,+475.6E-03,+163.0860151E-03
+193.0010E-06,+475.5E-03,+163.1250778E-03
+193.5010E-06,+475.4E-03,+163.1641405E-03
+194.0010E-06,+475.2E-03,+163.2032032E-03
+194.5010E-06,+475.1E-03,+163.2422659E-03
+195.0010E-06,+475.0E-03,+163.2809477E-03
+195.5010E-06,+474.7E-03,+163.1246970E-03
+196.0010E-06,+474.4E-03,+162.9684462E-03
+196.5010E-06,+474.1E-03,+162.8121954E-03
+197.0010E-06,+473.7E-03,+162.6559446E-03
+197.5010E-06,+473.4E-03,+162.4996938E-03
+198.0010E-06,+473.1E-03,+162.3434430E-03
+198.5010E-06,+472.8E-03,+162.1871923E-03
+199.0010E-06,+472.5E-03,+162.0309415E-03
+199.5010E-06,+472.2E-03,+161.8746907E-03
+200.0010E-06,+471.9E-03,+161.7184399E-03
+200.5010E-06,+471.6E-03,+161.5621891E-03
+201.0010E-06,+471.2E-03,+161.4059383E-03
+201.5010E-06,+470.9E-03,+161.2496876E-03
+202.0010E-06,+470.6E-03,+161.0934368E-03
+202.5010E-06,+470.3E-03,+160.9371860E-03
+203.0010E-06,+470.0E-03,+160.7809352E-03
+203.5010E-06,+469.7E-03,+160.6246844E-03
+204.0010E-06,+469.4E-03,+160.4684336E-03
+204.5010E-06,+469.1E-03,+160.3121829E-03
+205.0010E-06,+468.7E-03,+160.1561723E-03
+205.5010E-06,+468.6E-03,+160.1171096E-03
+206.0010E-06,+468.5E-03,+160.0780469E-03
+206.5010E-06,+468.4E-03,+160.0389842E-03
+207.0010E-06,+468.2E-03,+159.9999215E-03
+207.5010E-06,+468.1E-03,+159.9608588E-03
+208.0010E-06,+468.0E-03,+159.9217961E-03
+208.5010E-06,+467.9E-03,+159.8827334E-03
+209.0010E-06,+467.7E-03,+159.8436707E-03
+209.5010E-06,+467.6E-03,+159.8046080E-03
+210.0011E-06,+467.5E-03,+159.7657094E-03
+210.5011E-06,+467.4E-03,+159.8047721E-03
+211.0011E-06,+467.4E-03,+159.8438348E-03
+211.5011E-06,+467.3E-03,+159.8828975E-03
+212.0011E-06,+467.2E-03,+159.9219602E-03
+212.5011E-06,+467.2E-03,+159.9610229E-03
+213.0011E-06,+467.1E-03,+160.0000856E-03
+213.5011E-06,+467.1E-03,+160.0391483E-03
+214.0011E-06,+467.0E-03,+160.0782110E-03
+214.5011E-06,+466.9E-03,+160.1172737E-03
+215.0011E-06,+466.9E-03,+160.1562524E-03
+215.5011E-06,+466.8E-03,+160.1562524E-03
+216.0011E-06,+466.7E-03,+160.1562524E-03
+216.5011E-06,+466.7E-03,+160.1562524E-03
+217.0011E-06,+466.6E-03,+160.1562524E-03
+217.5011E-06,+466.6E-03,+160.1562524E-03
+218.0011E-06,+466.5E-03,+160.1562524E-03
+218.5011E-06,+466.4E-03,+160.1562524E-03
+219.0011E-06,+466.4E-03,+160.1562524E-03
+219.5011E-06,+466.3E-03,+160.1562524E-03
+220.0011E-06,+466.2E-03,+160.1563383E-03
+220.5011E-06,+466.1E-03,+160.1954010E-03
+221.0011E-06,+466.0E-03,+160.2344637E-03
+221.5011E-06,+465.9E-03,+160.2735264E-03
+222.0011E-06,+465.7E-03,+160.3125891E-03
+222.5011E-06,+465.6E-03,+160.3516518E-03
+223.0011E-06,+465.5E-03,+160.3907145E-03
+223.5011E-06,+465.4E-03,+160.4297772E-03
+224.0011E-06,+465.2E-03,+160.4688399E-03
+224.5011E-06,+465.1E-03,+160.5079026E-03
+225.0011E-06,+465.0E-03,+160.5469653E-03
+225.5011E-06,+464.9E-03,+160.5860280E-03
+226.0011E-06,+464.7E-03,+160.6250907E-03
+226.5011E-06,+464.6E-03,+160.6641534E-03
+227.0011E-06,+464.5E-03,+160.7032161E-03
+227.5011E-06,+464.4E-03,+160.7422788E-03
+228.0011E-06,+464.2E-03,+160.7813415E-03
+228.5011E-06,+464.1E-03,+160.8204042E-03
+229.0011E-06,+464.0E-03,+160.8594669E-03
+229.5011E-06,+463.9E-03,+160.8985295E-03
+230.0012E-06,+463.7E-03,+160.9375024E-03
+230.5012E-06,+463.7E-03,+160.9375024E-03
+231.0012E-06,+463.6E-03,+160.9375024E-03
+231.5012E-06,+463.6E-03,+160.9375024E-03
+232.0012E-06,+463.5E-03,+160.9375024E-03
+232.5012E-06,+463.4E-03,+160.9375024E-03
+233.0012E-06,+463.4E-03,+160.9375024E-03
+233.5012E-06,+463.3E-03,+160.9375024E-03
+234.0012E-06,+463.2E-03,+160.9375024E-03
+234.5012E-06,+463.2E-03,+160.9375024E-03
+235.0012E-06,+463.1E-03,+160.9376860E-03
+235.5012E-06,+463.0E-03,+161.0158114E-03
+236.0012E-06,+462.9E-03,+161.0939368E-03
+236.5012E-06,+462.7E-03,+161.1720622E-03
+237.0012E-06,+462.6E-03,+161.2501876E-03
+237.5012E-06,+462.5E-03,+161.3283130E-03
+238.0012E-06,+462.4E-03,+161.4064383E-03
+238.5012E-06,+462.2E-03,+161.4845637E-03
+239.0012E-06,+462.1E-03,+161.5626891E-03
+239.5012E-06,+462.0E-03,+161.6408145E-03
+240.0012E-06,+461.9E-03,+161.7187524E-03
+240.5012E-06,+461.7E-03,+161.7187524E-03
+241.0012E-06,+461.6E-03,+161.7187524E-03
+241.5012E-06,+461.5E-03,+161.7187524E-03
+242.0012E-06,+461.4E-03,+161.7187524E-03
+242.5012E-06,+461.2E-03,+161.7187524E-03
+243.0012E-06,+461.1E-03,+161.7187524E-03
+243.5012E-06,+461.0E-03,+161.7187524E-03
+244.0012E-06,+460.9E-03,+161.7187524E-03
+244.5012E-06,+460.7E-03,+161.7187524E-03
+245.0012E-06,+460.6E-03,+161.7186567E-03
+245.5012E-06,+460.3E-03,+161.6795940E-03
+246.0012E-06,+460.0E-03,+161.6405313E-03
+246.5012E-06,+459.7E-03,+161.6014686E-03
+247.0012E-06,+459.4E-03,+161.5624059E-03
+247.5012E-06,+459.1E-03,+161.5233432E-03
+248.0012E-06,+458.7E-03,+161.4842805E-03
+248.5012E-06,+458.4E-03,+161.4452178E-03
+249.0012E-06,+458.1E-03,+161.4061551E-03
+249.5012E-06,+457.8E-03,+161.3670924E-03
+250.0013E-06,+457.5E-03,+161.3278344E-03
+250.5013E-06,+457.1E-03,+161.2106463E-03
+251.0013E-06,+456.7E-03,+161.0934583E-03
+251.5013E-06,+456.4E-03,+160.9762702E-03
+252.0013E-06,+456.0E-03,+160.8590821E-03
+252.5013E-06,+455.6E-03,+160.7418940E-03
+253.0013E-06,+455.2E-03,+160.6247059E-03
+253.5013E-06,+454.9E-03,+160.5075178E-03
+254.0013E-06,+454.5E-03,+160.3903297E-03
+254.5013E-06,+454.1E-03,+160.2731416E-03
+255.0013E-06,+453.7E-03,+160.1559536E-03
+255.5013E-06,+453.4E-03,+160.0387655E-03
+256.0013E-06,+453.1E-03,+159.9215774E-03
+256.5013E-06,+452.8E-03,+159.8043893E-03
+257.0013E-06,+452.5E-03,+159.6872012E-03
+257.5013E-06,+452.2E-03,+159.5700131E-03
+258.0013E-06,+451.9E-03,+159.4528250E-03
+258.5013E-06,+451.6E-03,+159.3356369E-03
+259.0013E-06,+451.2E-03,+159.2184489E-03
+259.5013E-06,+450.9E-03,+159.1012608E-03
+260.0013E-06,+450.6E-03,+158.9841742E-03
+260.5013E-06,+450.5E-03,+158.9060489E-03
+261.0013E-06,+450.4E-03,+158.8279235E-03
+261.5013E-06,+450.2E-03,+158.7497981E-03
+262.0013E-06,+450.1E-03,+158.6716727E-03
+262.5013E-06,+450.0E-03,+158.5935473E-03
+263.0013E-06,+449.9E-03,+158.5154219E-03
+263.5013E-06,+449.7E-03,+158.4372965E-03
+264.0013E-06,+449.6E-03,+158.3591711E-03
+264.5013E-06,+449.5E-03,+158.2810457E-03
+265.0013E-06,+449.4E-03,+158.2031274E-03
+265.5013E-06,+449.3E-03,+158.2031274E-03
+266.0013E-06,+449.2E-03,+158.2031274E-03
+266.5013E-06,+449.2E-03,+158.2031274E-03
+267.0013E-06,+449.1E-03,+158.2031274E-03
+267.5013E-06,+449.1E-03,+158.2031274E-03
+268.0013E-06,+449.0E-03,+158.2031274E-03
+268.5013E-06,+448.9E-03,+158.2031274E-03
+269.0013E-06,+448.9E-03,+158.2031274E-03
+269.5013E-06,+448.8E-03,+158.2031274E-03
+270.0014E-06,+448.7E-03,+158.2033383E-03
+270.5014E-06,+448.7E-03,+158.2814637E-03
+271.0014E-06,+448.6E-03,+158.3595891E-03
+271.5014E-06,+448.6E-03,+158.4377145E-03
+272.0014E-06,+448.5E-03,+158.5158399E-03
+272.5014E-06,+448.4E-03,+158.5939653E-03
+273.0014E-06,+448.4E-03,+158.6720906E-03
+273.5014E-06,+448.3E-03,+158.7502160E-03
+274.0014E-06,+448.2E-03,+158.8283414E-03
+274.5014E-06,+448.2E-03,+158.9064668E-03
+275.0014E-06,+448.1E-03,+158.9844848E-03
+275.5014E-06,+448.1E-03,+159.0235475E-03
+276.0014E-06,+448.0E-03,+159.0626102E-03
+276.5014E-06,+447.9E-03,+159.1016729E-03
+277.0014E-06,+447.9E-03,+159.1407356E-03
+277.5014E-06,+447.8E-03,+159.1797983E-03
+278.0014E-06,+447.7E-03,+159.2188610E-03
+278.5014E-06,+447.7E-03,+159.2579237E-03
+279.0014E-06,+447.6E-03,+159.2969864E-03
+279.5014E-06,+447.6E-03,+159.3360491E-03
+280.0014E-06,+447.5E-03,+159.3753305E-03
+280.5014E-06,+447.5E-03,+159.4925186E-03
+281.0014E-06,+447.5E-03,+159.6097067E-03
+281.5014E-06,+447.5E-03,+159.7268948E-03
+282.0014E-06,+447.5E-03,+159.8440829E-03
+282.5014E-06,+447.5E-03,+159.9612709E-03
+283.0014E-06,+447.5E-03,+160.0784590E-03
+283.5014E-06,+447.5E-03,+160.1956471E-03
+284.0014E-06,+447.5E-03,+160.3128352E-03
+284.5014E-06,+447.5E-03,+160.4300233E-03
+285.0014E-06,+447.5E-03,+160.5467661E-03
+285.5014E-06,+447.5E-03,+160.5077034E-03
+286.0014E-06,+447.5E-03,+160.4686407E-03
+286.5014E-06,+447.5E-03,+160.4295780E-03
+287.0014E-06,+447.5E-03,+160.3905153E-03
+287.5014E-06,+447.5E-03,+160.3514526E-03
+288.0014E-06,+447.5E-03,+160.3123899E-03
+288.5014E-06,+447.5E-03,+160.2733272E-03
+289.0014E-06,+447.5E-03,+160.2342645E-03
+289.5014E-06,+447.5E-03,+160.1952018E-03
+290.0015E-06,+447.5E-03,+160.1562524E-03
+290.5015E-06,+447.5E-03,+160.1562524E-03
+291.0015E-06,+447.5E-03,+160.1562524E-03
+291.5015E-06,+447.5E-03,+160.1562524E-03
+292.0015E-06,+447.5E-03,+160.1562524E-03
+292.5015E-06,+447.5E-03,+160.1562524E-03
+293.0015E-06,+447.5E-03,+160.1562524E-03
+293.5015E-06,+447.5E-03,+160.1562524E-03
+294.0015E-06,+447.5E-03,+160.1562524E-03
+294.5015E-06,+447.5E-03,+160.1562524E-03
+295.0015E-06,+447.5E-03,+160.1561372E-03
+295.5015E-06,+447.4E-03,+160.1170745E-03
+296.0015E-06,+447.2E-03,+160.0780118E-03
+296.5015E-06,+447.1E-03,+160.0389491E-03
+297.0015E-06,+447.0E-03,+159.9998864E-03
+297.5015E-06,+446.9E-03,+159.9608237E-03
+298.0015E-06,+446.7E-03,+159.9217610E-03
+298.5015E-06,+446.6E-03,+159.8826983E-03
+299.0015E-06,+446.5E-03,+159.8436356E-03
+299.5015E-06,+446.4E-03,+159.8045729E-03
+300.0015E-06,+446.2E-03,+159.7652758E-03
+300.5015E-06,+446.1E-03,+159.6480877E-03
+301.0015E-06,+446.0E-03,+159.5308996E-03
+301.5015E-06,+445.9E-03,+159.4137116E-03
+302.0015E-06,+445.7E-03,+159.2965235E-03
+302.5015E-06,+445.6E-03,+159.1793354E-03
+303.0015E-06,+445.5E-03,+159.0621473E-03
+303.5015E-06,+445.4E-03,+158.9449592E-03
+304.0015E-06,+445.2E-03,+158.8277711E-03
+304.5015E-06,+445.1E-03,+158.7105830E-03
+305.0015E-06,+445.0E-03,+158.5936332E-03
+305.5015E-06,+444.7E-03,+158.5545705E-03
+306.0015E-06,+444.4E-03,+158.5155078E-03
+306.5015E-06,+444.1E-03,+158.4764451E-03
+307.0015E-06,+443.7E-03,+158.4373824E-03
+307.5015E-06,+443.4E-03,+158.3983197E-03
+308.0015E-06,+443.1E-03,+158.3592570E-03
+308.5015E-06,+442.8E-03,+158.3201944E-03
+309.0015E-06,+442.5E-03,+158.2811317E-03
+309.5015E-06,+442.2E-03,+158.2420690E-03
+310.0016E-06,+441.9E-03,+158.2031274E-03
+310.5016E-06,+441.7E-03,+158.2031274E-03
+311.0016E-06,+441.5E-03,+158.2031274E-03
+311.5016E-06,+441.3E-03,+158.2031274E-03
+312.0016E-06,+441.1E-03,+158.2031274E-03
+312.5016E-06,+440.9E-03,+158.2031274E-03
+313.0016E-06,+440.7E-03,+158.2031274E-03
+313.5016E-06,+440.6E-03,+158.2031274E-03
+314.0016E-06,+440.4E-03,+158.2031274E-03
+314.5016E-06,+440.2E-03,+158.2031274E-03
+315.0016E-06,+440.0E-03,+158.2031274E-03
+315.5016E-06,+439.8E-03,+158.2031274E-03
+316.0016E-06,+439.6E-03,+158.2031274E-03
+316.5016E-06,+439.4E-03,+158.2031274E-03
+317.0016E-06,+439.2E-03,+158.2031274E-03
+317.5016E-06,+439.1E-03,+158.2031274E-03
+318.0016E-06,+438.9E-03,+158.2031274E-03
+318.5016E-06,+438.7E-03,+158.2031274E-03
+319.0016E-06,+438.5E-03,+158.2031274E-03
+319.5016E-06,+438.3E-03,+158.2031274E-03
+320.0016E-06,+438.1E-03,+158.2031274E-03
+320.5016E-06,+438.1E-03,+158.2031274E-03
+321.0016E-06,+438.1E-03,+158.2031274E-03
+321.5016E-06,+438.1E-03,+158.2031274E-03
+322.0016E-06,+438.1E-03,+158.2031274E-03
+322.5016E-06,+438.1E-03,+158.2031274E-03
+323.0016E-06,+438.1E-03,+158.2031274E-03
+323.5016E-06,+438.1E-03,+158.2031274E-03
+324.0016E-06,+438.1E-03,+158.2031274E-03
+324.5016E-06,+438.1E-03,+158.2031274E-03
+325.0016E-06,+438.1E-03,+158.2031274E-03
+325.5016E-06,+437.9E-03,+158.2031274E-03
+326.0016E-06,+437.7E-03,+158.2031274E-03
+326.5016E-06,+437.6E-03,+158.2031274E-03
+327.0016E-06,+437.4E-03,+158.2031274E-03
+327.5016E-06,+437.2E-03,+158.2031274E-03
+328.0016E-06,+437.0E-03,+158.2031274E-03
+328.5016E-06,+436.8E-03,+158.2031274E-03
+329.0016E-06,+436.6E-03,+158.2031274E-03
+329.5016E-06,+436.4E-03,+158.2031274E-03
+330.0017E-06,+436.2E-03,+158.2033852E-03
+330.5017E-06,+436.1E-03,+158.2815106E-03
+331.0017E-06,+436.0E-03,+158.3596360E-03
+331.5017E-06,+435.9E-03,+158.4377613E-03
+332.0017E-06,+435.7E-03,+158.5158867E-03
+332.5017E-06,+435.6E-03,+158.5940121E-03
+333.0017E-06,+435.5E-03,+158.6721375E-03
+333.5017E-06,+435.4E-03,+158.7502629E-03
+334.0017E-06,+435.2E-03,+158.8283883E-03
+334.5017E-06,+435.1E-03,+158.9065137E-03
+335.0017E-06,+435.0E-03,+158.9846391E-03
+335.5017E-06,+434.9E-03,+159.0627645E-03
+336.0017E-06,+434.7E-03,+159.1408899E-03
+336.5017E-06,+434.6E-03,+159.2190153E-03
+337.0017E-06,+434.5E-03,+159.2971407E-03
+337.5017E-06,+434.4E-03,+159.3752660E-03
+338.0017E-06,+434.2E-03,+159.4533914E-03
+338.5017E-06,+434.1E-03,+159.5315168E-03
+339.0017E-06,+434.0E-03,+159.6096422E-03
+339.5017E-06,+433.9E-03,+159.6877676E-03
+340.0017E-06,+433.7E-03,+159.7656274E-03
+340.5017E-06,+433.6E-03,+159.7656274E-03
+341.0017E-06,+433.4E-03,+159.7656274E-03
+341.5017E-06,+433.2E-03,+159.7656274E-03
+342.0017E-06,+433.0E-03,+159.7656274E-03
+342.5017E-06,+432.8E-03,+159.7656274E-03
+343.0017E-06,+432.6E-03,+159.7656274E-03
+343.5017E-06,+432.4E-03,+159.7656274E-03
+344.0017E-06,+432.2E-03,+159.7656274E-03
+344.5017E-06,+432.1E-03,+159.7656274E-03
+345.0017E-06,+431.9E-03,+159.7652231E-03
+345.5017E-06,+431.6E-03,+159.6480350E-03
+346.0017E-06,+431.2E-03,+159.5308469E-03
+346.5017E-06,+430.9E-03,+159.4136588E-03
+347.0017E-06,+430.6E-03,+159.2964707E-03
+347.5017E-06,+430.3E-03,+159.1792826E-03
+348.0017E-06,+430.0E-03,+159.0620946E-03
+348.5017E-06,+429.7E-03,+158.9449065E-03
+349.0017E-06,+429.4E-03,+158.8277184E-03
+349.5017E-06,+429.1E-03,+158.7105303E-03
+350.0018E-06,+428.7E-03,+158.5930688E-03
+350.5018E-06,+428.6E-03,+158.3977553E-03
+351.0018E-06,+428.4E-03,+158.2024418E-03
+351.5018E-06,+428.2E-03,+158.0071283E-03
+352.0018E-06,+428.0E-03,+157.8118149E-03
+352.5018E-06,+427.8E-03,+157.6165014E-03
+353.0018E-06,+427.6E-03,+157.4211879E-03
+353.5018E-06,+427.4E-03,+157.2258744E-03
+354.0018E-06,+427.2E-03,+157.0305609E-03
+354.5018E-06,+427.1E-03,+156.8352475E-03
+355.0018E-06,+426.9E-03,+156.6404887E-03
+355.5018E-06,+426.8E-03,+156.6014260E-03
+356.0018E-06,+426.7E-03,+156.5623633E-03
+356.5018E-06,+426.7E-03,+156.5233006E-03
+357.0018E-06,+426.6E-03,+156.4842379E-03
+357.5018E-06,+426.6E-03,+156.4451752E-03
+358.0018E-06,+426.5E-03,+156.4061125E-03
+358.5018E-06,+426.4E-03,+156.3670498E-03
+359.0018E-06,+426.4E-03,+156.3279871E-03
+359.5018E-06,+426.3E-03,+156.2889244E-03
+360.0018E-06,+426.2E-03,+156.2500023E-03
+360.5018E-06,+426.2E-03,+156.2500023E-03
+361.0018E-06,+426.2E-03,+156.2500023E-03
+361.5018E-06,+426.2E-03,+156.2500023E-03
+362.0018E-06,+426.2E-03,+156.2500023E-03
+362.5018E-06,+426.2E-03,+156.2500023E-03
+363.0018E-06,+426.2E-03,+156.2500023E-03
+363.5018E-06,+426.2E-03,+156.2500023E-03
+364.0018E-06,+426.2E-03,+156.2500023E-03
+364.5018E-06,+426.2E-03,+156.2500023E-03
+365.0018E-06,+426.2E-03,+156.2500023E-03
+365.5018E-06,+426.1E-03,+156.2500023E-03
+366.0018E-06,+426.0E-03,+156.2500023E-03
+366.5018E-06,+425.9E-03,+156.2500023E-03
+367.0018E-06,+425.7E-03,+156.2500023E-03
+367.5018E-06,+425.6E-03,+156.2500023E-03
+368.0018E-06,+425.5E-03,+156.2500023E-03
+368.5018E-06,+425.4E-03,+156.2500023E-03
+369.0018E-06,+425.2E-03,+156.2500023E-03
+369.5018E-06,+425.1E-03,+156.2500023E-03
+370.0019E-06,+425.0E-03,+156.2502914E-03
+370.5019E-06,+424.9E-03,+156.3284168E-03
+371.0019E-06,+424.9E-03,+156.4065422E-03
+371.5019E-06,+424.8E-03,+156.4846676E-03
+372.0019E-06,+424.7E-03,+156.5627930E-03
+372.5019E-06,+424.7E-03,+156.6409183E-03
+373.0019E-06,+424.6E-03,+156.7190437E-03
+373.5019E-06,+424.6E-03,+156.7971691E-03
+374.0019E-06,+424.5E-03,+156.8752945E-03
+374.5019E-06,+424.4E-03,+156.9534199E-03
+375.0019E-06,+424.4E-03,+157.0312523E-03
+375.5019E-06,+424.3E-03,+157.0312523E-03
+376.0019E-06,+424.2E-03,+157.0312523E-03
+376.5019E-06,+424.2E-03,+157.0312523E-03
+377.0019E-06,+424.1E-03,+157.0312523E-03
+377.5019E-06,+424.1E-03,+157.0312523E-03
+378.0019E-06,+424.0E-03,+157.0312523E-03
+378.5019E-06,+423.9E-03,+157.0312523E-03
+379.0019E-06,+423.9E-03,+157.0312523E-03
+379.5019E-06,+423.8E-03,+157.0312523E-03
+380.0019E-06,+423.7E-03,+157.0312523E-03
+380.5019E-06,+423.7E-03,+157.0312523E-03
+381.0019E-06,+423.6E-03,+157.0312523E-03
+381.5019E-06,+423.6E-03,+157.0312523E-03
+382.0019E-06,+423.5E-03,+157.0312523E-03
+382.5019E-06,+423.4E-03,+157.0312523E-03
+383.0019E-06,+423.4E-03,+157.0312523E-03
+383.5019E-06,+423.3E-03,+157.0312523E-03
+384.0019E-06,+423.2E-03,+157.0312523E-03
+384.5019E-06,+423.2E-03,+157.0312523E-03
+385.0019E-06,+423.1E-03,+157.0312523E-03
+385.5019E-06,+423.0E-03,+157.0312523E-03
+386.0019E-06,+422.9E-03,+157.0312523E-03
+386.5019E-06,+422.7E-03,+157.0312523E-03
+387.0019E-06,+422.6E-03,+157.0312523E-03
+387.5019E-06,+422.5E-03,+157.0312523E-03
+388.0019E-06,+422.4E-03,+157.0312523E-03
+388.5019E-06,+422.2E-03,+157.0312523E-03
+389.0019E-06,+422.1E-03,+157.0312523E-03
+389.5019E-06,+422.0E-03,+157.0312523E-03
+390.0020E-06,+421.9E-03,+157.0314047E-03
+390.5020E-06,+421.8E-03,+157.0704674E-03
+391.0020E-06,+421.7E-03,+157.1095301E-03
+391.5020E-06,+421.7E-03,+157.1485928E-03
+392.0020E-06,+421.6E-03,+157.1876555E-03
+392.5020E-06,+421.6E-03,+157.2267182E-03
+393.0020E-06,+421.5E-03,+157.2657809E-03
+393.5020E-06,+421.4E-03,+157.3048436E-03
+394.0020E-06,+421.4E-03,+157.3439063E-03
+394.5020E-06,+421.3E-03,+157.3829689E-03
+395.0020E-06,+421.2E-03,+157.4218773E-03
+395.5020E-06,+421.0E-03,+157.4218773E-03
+396.0020E-06,+420.7E-03,+157.4218773E-03
+396.5020E-06,+420.5E-03,+157.4218773E-03
+397.0020E-06,+420.2E-03,+157.4218773E-03
+397.5020E-06,+420.0E-03,+157.4218773E-03
+398.0020E-06,+419.7E-03,+157.4218773E-03
+398.5020E-06,+419.5E-03,+157.4218773E-03
+399.0020E-06,+419.2E-03,+157.4218773E-03
+399.5020E-06,+419.0E-03,+157.4218773E-03
+400.0020E-06,+418.7E-03,+157.4214086E-03
+400.5020E-06,+418.5E-03,+157.3042205E-03
+401.0020E-06,+418.2E-03,+157.1870324E-03
+401.5020E-06,+418.0E-03,+157.0698443E-03
+402.0020E-06,+417.7E-03,+156.9526562E-03
+402.5020E-06,+417.5E-03,+156.8354682E-03
+403.0020E-06,+417.2E-03,+156.7182801E-03
+403.5020E-06,+417.0E-03,+156.6010920E-03
+404.0020E-06,+416.7E-03,+156.4839039E-03
+404.5020E-06,+416.5E-03,+156.3667158E-03
+405.0020E-06,+416.2E-03,+156.2496859E-03
+405.5020E-06,+415.9E-03,+156.1715605E-03
+406.0020E-06,+415.6E-03,+156.0934351E-03
+406.5020E-06,+415.3E-03,+156.0153097E-03
+407.0020E-06,+415.0E-03,+155.9371844E-03
+407.5020E-06,+414.7E-03,+155.8590590E-03
+408.0020E-06,+414.4E-03,+155.7809336E-03
+408.5020E-06,+414.1E-03,+155.7028082E-03
+409.0020E-06,+413.7E-03,+155.6246828E-03
+409.5020E-06,+413.4E-03,+155.5465574E-03
+410.0021E-06,+413.1E-03,+155.4685922E-03
+410.5021E-06,+412.9E-03,+155.4295295E-03
+411.0021E-06,+412.7E-03,+155.3904668E-03
+411.5021E-06,+412.6E-03,+155.3514041E-03
+412.0021E-06,+412.4E-03,+155.3123414E-03
+412.5021E-06,+412.2E-03,+155.2732787E-03
+413.0021E-06,+412.0E-03,+155.2342160E-03
+413.5021E-06,+411.8E-03,+155.1951533E-03
+414.0021E-06,+411.6E-03,+155.1560906E-03
+414.5021E-06,+411.4E-03,+155.1170279E-03
+415.0021E-06,+411.2E-03,+155.0781273E-03
+415.5021E-06,+411.2E-03,+155.0781273E-03
+416.0021E-06,+411.1E-03,+155.0781273E-03
+416.5021E-06,+411.1E-03,+155.0781273E-03
+417.0021E-06,+411.0E-03,+155.0781273E-03
+417.5021E-06,+410.9E-03,+155.0781273E-03
+418.0021E-06,+410.9E-03,+155.0781273E-03
+418.5021E-06,+410.8E-03,+155.0781273E-03
+419.0021E-06,+410.7E-03,+155.0781273E-03
+419.5021E-06,+410.7E-03,+155.0781273E-03
+420.0021E-06,+410.6E-03,+155.0782914E-03
+420.5021E-06,+410.5E-03,+155.1173541E-03
+421.0021E-06,+410.4E-03,+155.1564168E-03
+421.5021E-06,+410.2E-03,+155.1954795E-03
+422.0021E-06,+410.1E-03,+155.2345422E-03
+422.5021E-06,+410.0E-03,+155.2736049E-03
+423.0021E-06,+409.9E-03,+155.3126675E-03
+423.5021E-06,+409.7E-03,+155.3517302E-03
+424.0021E-06,+409.6E-03,+155.3907929E-03
+424.5021E-06,+409.5E-03,+155.4298556E-03
+425.0021E-06,+409.4E-03,+155.4689183E-03
+425.5021E-06,+409.3E-03,+155.5079810E-03
+426.0021E-06,+409.2E-03,+155.5470437E-03
+426.5021E-06,+409.2E-03,+155.5861064E-03
+427.0021E-06,+409.1E-03,+155.6251691E-03
+427.5021E-06,+409.1E-03,+155.6642318E-03
+428.0021E-06,+409.0E-03,+155.7032945E-03
+428.5021E-06,+408.9E-03,+155.7423572E-03
+429.0021E-06,+408.9E-03,+155.7814199E-03
+429.5021E-06,+408.8E-03,+155.8204826E-03
+430.0022E-06,+408.7E-03,+155.8595453E-03
+430.5022E-06,+408.7E-03,+155.8986080E-03
+431.0022E-06,+408.6E-03,+155.9376707E-03
+431.5022E-06,+408.6E-03,+155.9767334E-03
+432.0022E-06,+408.5E-03,+156.0157961E-03
+432.5022E-06,+408.4E-03,+156.0548588E-03
+433.0022E-06,+408.4E-03,+156.0939215E-03
+433.5022E-06,+408.3E-03,+156.1329842E-03
+434.0022E-06,+408.2E-03,+156.1720469E-03
+434.5022E-06,+408.2E-03,+156.2111096E-03
+435.0022E-06,+408.1E-03,+156.2500023E-03
+435.5022E-06,+408.1E-03,+156.2500023E-03
+436.0022E-06,+408.0E-03,+156.2500023E-03
+436.5022E-06,+407.9E-03,+156.2500023E-03
+437.0022E-06,+407.9E-03,+156.2500023E-03
+437.5022E-06,+407.8E-03,+156.2500023E-03
+438.0022E-06,+407.7E-03,+156.2500023E-03
+438.5022E-06,+407.7E-03,+156.2500023E-03
+439.0022E-06,+407.6E-03,+156.2500023E-03
+439.5022E-06,+407.6E-03,+156.2500023E-03
+440.0022E-06,+407.5E-03,+156.2501742E-03
+440.5022E-06,+407.5E-03,+156.2892369E-03
+441.0022E-06,+407.5E-03,+156.3282996E-03
+441.5022E-06,+407.5E-03,+156.3673623E-03
+442.0022E-06,+407.5E-03,+156.4064250E-03
+442.5022E-06,+407.5E-03,+156.4454877E-03
+443.0022E-06,+407.5E-03,+156.4845504E-03
+443.5022E-06,+407.5E-03,+156.5236131E-03
+444.0022E-06,+407.5E-03,+156.5626758E-03
+444.5022E-06,+407.5E-03,+156.6017385E-03
+445.0022E-06,+407.5E-03,+156.6404535E-03
+445.5022E-06,+407.4E-03,+156.6013908E-03
+446.0022E-06,+407.4E-03,+156.5623281E-03
+446.5022E-06,+407.3E-03,+156.5232654E-03
+447.0022E-06,+407.2E-03,+156.4842027E-03
+447.5022E-06,+407.2E-03,+156.4451400E-03
+448.0022E-06,+407.1E-03,+156.4060773E-03
+448.5022E-06,+407.1E-03,+156.3670146E-03
+449.0022E-06,+407.0E-03,+156.3279519E-03
+449.5022E-06,+406.9E-03,+156.2888892E-03
+450.0023E-06,+406.9E-03,+156.2492992E-03
+450.5023E-06,+406.6E-03,+156.0930484E-03
+451.0023E-06,+406.4E-03,+155.9367976E-03
+451.5023E-06,+406.1E-03,+155.7805469E-03
+452.0023E-06,+405.9E-03,+155.6242961E-03
+452.5023E-06,+405.6E-03,+155.4680453E-03
+453.0023E-06,+405.4E-03,+155.3117945E-03
+453.5023E-06,+405.1E-03,+155.1555437E-03
+454.0023E-06,+404.9E-03,+154.9992929E-03
+454.5023E-06,+404.6E-03,+154.8430422E-03
+455.0023E-06,+404.4E-03,+154.6873246E-03
+455.5023E-06,+404.2E-03,+154.6482619E-03
+456.0023E-06,+404.0E-03,+154.6091992E-03
+456.5023E-06,+403.8E-03,+154.5701365E-03
+457.0023E-06,+403.6E-03,+154.5310738E-03
+457.5023E-06,+403.4E-03,+154.4920111E-03
+458.0023E-06,+403.2E-03,+154.4529484E-03
+458.5023E-06,+403.1E-03,+154.4138857E-03
+459.0023E-06,+402.9E-03,+154.3748230E-03
+459.5023E-06,+402.7E-03,+154.3357603E-03
+460.0023E-06,+402.5E-03,+154.2965179E-03
+460.5023E-06,+402.3E-03,+154.2183925E-03
+461.0023E-06,+402.1E-03,+154.1402671E-03
+461.5023E-06,+401.9E-03,+154.0621417E-03
+462.0023E-06,+401.7E-03,+153.9840164E-03
+462.5023E-06,+401.6E-03,+153.9058910E-03
+463.0023E-06,+401.4E-03,+153.8277656E-03
+463.5023E-06,+401.2E-03,+153.7496402E-03
+464.0023E-06,+401.0E-03,+153.6715148E-03
+464.5023E-06,+400.8E-03,+153.5933894E-03
+465.0023E-06,+400.6E-03,+153.5156273E-03
+465.5023E-06,+400.5E-03,+153.5156273E-03
+466.0023E-06,+400.4E-03,+153.5156273E-03
+466.5023E-06,+400.2E-03,+153.5156273E-03
+467.0023E-06,+400.1E-03,+153.5156273E-03
+467.5023E-06,+400.0E-03,+153.5156273E-03
+468.0023E-06,+399.9E-03,+153.5156273E-03
+468.5023E-06,+399.7E-03,+153.5156273E-03
+469.0023E-06,+399.6E-03,+153.5156273E-03
+469.5023E-06,+399.5E-03,+153.5156273E-03
+470.0024E-06,+399.4E-03,+153.5156273E-03
+470.5024E-06,+399.3E-03,+153.5156273E-03
+471.0024E-06,+399.2E-03,+153.5156273E-03
+471.5024E-06,+399.2E-03,+153.5156273E-03
+472.0024E-06,+399.1E-03,+153.5156273E-03
+472.5024E-06,+399.1E-03,+153.5156273E-03
+473.0024E-06,+399.0E-03,+153.5156273E-03
+473.5024E-06,+398.9E-03,+153.5156273E-03
+474.0024E-06,+398.9E-03,+153.5156273E-03
+474.5024E-06,+398.8E-03,+153.5156273E-03
+475.0024E-06,+398.7E-03,+153.5156273E-03
+475.5024E-06,+398.6E-03,+153.5156273E-03
+476.0024E-06,+398.5E-03,+153.5156273E-03
+476.5024E-06,+398.4E-03,+153.5156273E-03
+477.0024E-06,+398.2E-03,+153.5156273E-03
+477.5024E-06,+398.1E-03,+153.5156273E-03
+478.0024E-06,+398.0E-03,+153.5156273E-03
+478.5024E-06,+397.9E-03,+153.5156273E-03
+479.0024E-06,+397.7E-03,+153.5156273E-03
+479.5024E-06,+397.6E-03,+153.5156273E-03
+480.0024E-06,+397.5E-03,+153.5156273E-03
+480.5024E-06,+397.4E-03,+153.5156273E-03
+481.0024E-06,+397.4E-03,+153.5156273E-03
+481.5024E-06,+397.3E-03,+153.5156273E-03
+482.0024E-06,+397.2E-03,+153.5156273E-03
+482.5024E-06,+397.2E-03,+153.5156273E-03
+483.0024E-06,+397.1E-03,+153.5156273E-03
+483.5024E-06,+397.1E-03,+153.5156273E-03
+484.0024E-06,+397.0E-03,+153.5156273E-03
+484.5024E-06,+396.9E-03,+153.5156273E-03
+485.0024E-06,+396.9E-03,+153.5160062E-03
+485.5024E-06,+396.8E-03,+153.5941316E-03
+486.0024E-06,+396.7E-03,+153.6722570E-03
+486.5024E-06,+396.7E-03,+153.7503824E-03
+487.0024E-06,+396.6E-03,+153.8285078E-03
+487.5024E-06,+396.6E-03,+153.9066332E-03
+488.0024E-06,+396.5E-03,+153.9847585E-03
+488.5024E-06,+396.4E-03,+154.0628839E-03
+489.0024E-06,+396.4E-03,+154.1410093E-03
+489.5024E-06,+396.3E-03,+154.2191347E-03
+490.0025E-06,+396.2E-03,+154.2970687E-03
+490.5025E-06,+396.2E-03,+154.3361314E-03
+491.0025E-06,+396.1E-03,+154.3751941E-03
+491.5025E-06,+396.1E-03,+154.4142568E-03
+492.0025E-06,+396.0E-03,+154.4533195E-03
+492.5025E-06,+395.9E-03,+154.4923822E-03
+493.0025E-06,+395.9E-03,+154.5314449E-03
+493.5025E-06,+395.8E-03,+154.5705076E-03
+494.0025E-06,+395.7E-03,+154.6095703E-03
+494.5025E-06,+395.7E-03,+154.6486330E-03
+495.0025E-06,+395.6E-03,+154.6875023E-03
+495.5025E-06,+395.4E-03,+154.6875023E-03
+496.0025E-06,+395.2E-03,+154.6875023E-03
+496.5025E-06,+395.1E-03,+154.6875023E-03
+497.0025E-06,+394.9E-03,+154.6875023E-03
+497.5025E-06,+394.7E-03,+154.6875023E-03
+498.0025E-06,+394.5E-03,+154.6875023E-03
+498.5025E-06,+394.3E-03,+154.6875023E-03
+499.0025E-06,+394.1E-03,+154.6875023E-03
+499.5025E-06,+393.9E-03,+154.6875023E-03
